YEAR,MO,DY,ALLSKY_SFC_SW_DWN,CLRSKY_SFC_SW_DWN,ALLSKY_KT,ALLSKY_SFC_LW_DWN,ALLSKY_SFC_PAR_TOT,CLRSKY_SFC_PAR_TOT,ALLSKY_SFC_UVA,ALLSKY_SFC_UVB,ALLSKY_SFC_UV_INDEX,WS2M
2021,1,1,0.52,2.42,0.14,291.57,9.88,45.12,1.4,0.02,0.06,0.55
2021,1,2,1.01,2.49,0.27,297.83,18.57,44.52,2.52,0.02,0.13,0.53
2021,1,3,0.47,2.24,0.12,304.91,8.8,39.09,1.25,0.02,0.06,0.37
2021,1,4,0.71,2.47,0.19,293.05,13.09,43.1,1.84,0.02,0.09,0.37
2021,1,5,0.78,2.52,0.2,299.1,14.65,44.04,2.1,0.02,0.09,0.34
2021,1,6,0.82,2.64,0.21,295.71,15.11,46.49,2.15,0.02,0.09,0.45
2021,1,7,1.42,2.79,0.37,268.12,25.3,48.68,3.43,0.03,0.16,0.45
2021,1,8,1.6,2.82,0.41,254.99,28.49,49.08,3.76,0.04,0.2,0.47
2021,1,9,2.61,2.81,0.66,230.12,45.45,49.26,5.25,0.05,0.25,0.45
2021,1,10,2.5,2.83,0.63,237.62,43.02,48.99,5,0.05,0.23,0.43
2021,1,11,2.14,2.66,0.54,268.7,36.88,45.74,4.42,0.04,0.2,0.41
2021,1,12,2.13,2.84,0.53,276.52,36.88,49.2,4.45,0.05,0.22,0.51
2021,1,13,1.98,2.63,0.48,275.05,34.65,46.15,4.23,0.03,0.18,0.6
2021,1,14,2.28,2.66,0.55,265.44,39.63,46.12,4.76,0.03,0.19,0.51
2021,1,15,1,2.75,0.24,283.06,18.57,48.98,2.5,0.02,0.1,0.66
2021,1,16,0.93,2.9,0.23,286.14,17.41,50.65,2.4,0.02,0.09,0.46
2021,1,17,0.96,2.87,0.23,300.49,17.66,50.36,2.49,0.02,0.1,0.73
2021,1,18,0.69,2.95,0.16,297.01,12.86,51.57,1.87,0.02,0.08,0.82
2021,1,19,2.47,3.11,0.58,280.68,43.4,54.42,5.3,0.05,0.24,0.78
2021,1,20,1.51,3.19,0.35,266.62,27.16,55.68,3.72,0.03,0.18,0.88
2021,1,21,2.78,3.09,0.64,241.78,48.48,54.09,5.76,0.05,0.26,1.05
2021,1,22,1.24,3.19,0.28,290.98,22.59,55.81,3.12,0.03,0.16,0.98
2021,1,23,1.69,3.36,0.38,252.49,29.73,57.43,4.03,0.04,0.2,0.8
2021,1,24,1.73,3.18,0.39,252.99,31.62,56.32,4.12,0.04,0.2,0.36
2021,1,25,1.06,3.13,0.23,278.76,20.4,56.08,2.91,0.03,0.16,0.44
2021,1,26,0.68,2.92,0.15,310.46,12.66,51.64,1.72,0.02,0.1,0.97
2021,1,27,0.93,3.34,0.2,282.77,17.34,58.81,2.54,0.03,0.16,0.8
2021,1,28,1.6,3.56,0.34,259.71,28.49,61.13,4.04,0.04,0.21,1.1
2021,1,29,2.08,3.59,0.44,254.3,36.39,61.57,4.88,0.05,0.24,0.84
2021,1,30,2.97,3.59,0.62,236.66,51.3,62.23,6.3,0.05,0.3,0.41
2021,1,31,1.07,3.27,0.22,279.62,20.54,58.85,2.89,0.03,0.16,1.05
2021,2,1,1.72,3.46,0.35,278.43,32.05,62.72,4.39,0.05,0.24,0.8
2021,2,2,2.2,3.6,0.45,262.89,39.88,63.98,5.12,0.05,0.27,1.3
2021,2,3,3.05,3.78,0.61,256.31,53.1,65.65,6.66,0.06,0.33,1.2
2021,2,4,3.48,3.81,0.69,245.67,60.55,66.53,7.45,0.08,0.41,0.7
2021,2,5,1.71,3.82,0.34,296.07,30.48,67,4.17,0.05,0.28,1.55
2021,2,6,3.77,3.91,0.73,224.68,64.45,67.17,7.74,0.07,0.39,1.03
2021,2,7,2.25,3.77,0.43,239.2,39.57,65.07,5.12,0.05,0.28,0.81
2021,2,8,2.94,3.89,0.55,241.98,51.97,68.49,6.65,0.07,0.36,0.34
2021,2,9,1.45,3.67,0.27,283.41,26.6,64.96,3.65,0.05,0.23,0.51
2021,2,10,1.75,3.87,0.33,268.17,32.26,68.59,4.31,0.05,0.27,0.63
2021,2,11,2.07,3.91,0.38,256.06,38.34,70.21,5.25,0.08,0.38,0.78
2021,2,12,1.22,3.95,0.22,265.92,23.11,71.4,3.26,0.05,0.27,0.58
2021,2,13,1.1,3.81,0.2,275.08,21.13,68.27,2.93,0.05,0.23,0.71
2021,2,14,1.18,3.82,0.21,284.6,22.65,67.5,3.26,0.05,0.27,0.57
2021,2,15,1.21,3.67,0.21,288.16,23.47,65.78,3.32,0.06,0.31,0.8
2021,2,16,1.02,4.17,0.18,273.17,19.33,73.59,2.83,0.05,0.23,1.2
2021,2,17,3.3,4.42,0.56,233.88,59.32,78.7,7.66,0.12,0.6,0.44
2021,2,18,1.64,4.19,0.28,277.29,31.45,76.28,4.23,0.07,0.34,0.64
2021,2,19,1.08,4.43,0.18,278.88,20.22,77.98,2.86,0.05,0.25,0.73
2021,2,20,2.19,4.58,0.36,254.03,39.43,78.91,5.52,0.08,0.38,0.85
2021,2,21,4.29,4.75,0.7,220.23,75.3,83.23,9.48,0.12,0.63,0.75
2021,2,22,1,4.32,0.16,294.41,19.23,76.58,2.75,0.05,0.23,1.16
2021,2,23,1.69,4.53,0.27,274.17,31.54,80.88,4.38,0.05,0.28,1.03
2021,2,24,4.18,4.5,0.66,279.65,75.58,81.73,9.38,0.12,0.65,1.02
2021,2,25,4.9,4.92,0.77,242.42,85.34,86.24,10.39,0.16,0.8,0.66
2021,2,26,3.04,4.92,0.47,262.9,54.79,86.34,7.27,0.12,0.59,0.66
2021,2,27,1.64,4.57,0.25,301.88,31.33,83.46,4.33,0.08,0.37,0.73
2021,2,28,0.98,4.39,0.15,323.99,19.75,83.01,2.87,0.05,0.25,0.65
2021,3,1,2.8,4.86,0.42,288.09,50.41,85.62,6.76,0.12,0.61,1.2
2021,3,2,5.29,5.24,0.79,205.7,92.04,91.67,11.12,0.16,0.79,0.63
2021,3,3,5.04,5,0.74,240.87,88.79,88.55,10.7,0.15,0.75,0.7
2021,3,4,1.86,5.11,0.27,272.48,35.15,89.52,5.1,0.08,0.4,0.89
2021,3,5,3.54,5.42,0.51,241.35,63.11,94.46,8.34,0.12,0.58,0.9
2021,3,6,3.42,5.45,0.48,238.45,60,95.04,7.85,0.11,0.54,0.76
2021,3,7,5.46,5.51,0.77,205.59,94.23,95.34,11.45,0.15,0.76,0.53
2021,3,8,4.51,5.06,0.63,250.43,77.94,87.33,9.46,0.12,0.63,0.62
2021,3,9,4.14,4.93,0.57,291.67,74.48,88.13,9.28,0.14,0.68,0.6
2021,3,10,4.83,5.29,0.66,272.68,85.57,93.55,10.66,0.18,0.91,0.64
2021,3,11,1.34,4.95,0.18,345.95,27.66,92.37,4,0.08,0.4,0.85
2021,3,12,5.42,5.63,0.73,275.8,96.61,100.51,12.03,0.23,1.18,0.64
2021,3,13,5.86,5.97,0.78,220.73,101.32,103.33,12.55,0.25,1.26,0.5
2021,3,14,5.75,5.74,0.76,231.45,101.71,101.83,12.55,0.23,1.15,0.83
2021,3,15,4.93,6.04,0.65,239.05,86.93,105.89,11.42,0.2,0.99,0.55
2021,3,16,2.71,5.38,0.35,311.54,51.38,97.63,7.11,0.14,0.7,0.41
2021,3,17,5.01,5.45,0.64,283.15,89.54,97.26,11.19,0.2,0.98,0.34
2021,3,18,0.99,5.42,0.12,325.34,20.85,102.13,3.13,0.05,0.27,0.79
2021,3,19,6.27,6.29,0.79,222.11,108.94,109.4,13.59,0.23,-999,0.73
2021,3,20,5.62,6.13,0.7,226.26,98.41,107.91,12.35,0.21,-999,0.38
2021,3,21,6.2,6.22,0.77,239.55,108.23,108.77,13.38,0.23,1.1,0.38
2021,3,22,6.34,6.31,0.78,244.16,110.83,110.36,13.71,0.26,1.26,0.38
2021,3,23,4.27,5.96,0.52,289.39,77.96,106.66,10.24,0.22,1.15,0.48
2021,3,24,4.05,5.72,0.49,332.21,76.78,107.05,10.29,0.23,1.17,0.51
2021,3,25,3.56,5.72,0.43,332.61,68.1,104.67,9.09,0.19,0.97,0.38
2021,3,26,2.47,6.1,0.3,338.41,47.85,111.6,6.77,0.14,0.71,0.88
2021,3,27,4.51,6.11,0.53,302.75,83.23,110.62,10.83,0.2,0.96,0.29
2021,3,28,2.02,5.85,0.23,335.17,40.16,108.76,5.62,0.1,0.52,0.77
2021,3,29,5.97,6.73,0.7,267.41,106.09,118.93,13.64,0.21,1.06,0.54
2021,3,30,6.39,6.62,0.73,275.34,114.55,118.55,14.48,0.27,1.36,0.5
2021,3,31,1.22,6.03,0.14,326.95,25.45,111.99,3.76,0.08,0.41,0.41
2021,4,1,3,6.58,0.34,296.71,55.16,114.85,7.77,0.16,0.77,0.61
2021,4,2,6.98,7.03,0.79,211.72,121.41,122.13,15.24,0.21,1.06,0.48
2021,4,3,5.75,6.55,0.64,258.99,101.95,115.34,12.95,0.2,1.03,0.41
2021,4,4,6.67,6.63,0.74,273.85,119.71,119.12,14.99,0.26,-999,0.33
2021,4,5,5.74,6.5,0.63,297.51,104.78,117.9,13.4,0.26,1.29,0.47
2021,4,6,6.02,6.49,0.66,318.57,110.73,119.2,14.02,0.26,1.27,0.3
2021,4,7,5.1,6.34,0.55,340.83,95.14,117.69,12.28,0.23,1.13,0.27
2021,4,8,5.94,6.34,0.64,332.02,108.43,115.85,13.66,0.25,1.26,0.33
2021,4,9,4.92,6.47,0.53,343.37,92.04,119.38,12.03,0.23,1.13,0.32
2021,4,10,5.61,6.71,0.6,335.95,104.47,124.25,13.59,0.26,1.32,0.34
2021,4,11,4.32,6.78,0.46,347.23,81.05,123.8,10.91,0.24,1.2,0.32
2021,4,12,2.84,6.69,0.3,333.12,56.8,121.95,7.98,0.16,0.84,0.23
2021,4,13,4.94,6.9,0.52,323.48,91.46,125.65,12.18,0.23,1.15,0.42
2021,4,14,4.32,6.82,0.45,327.65,81.84,124.84,11.06,0.23,1.17,0.26
2021,4,15,2.36,7.31,0.24,323.66,45.89,131.16,6.66,0.13,0.67,0.27
2021,4,16,2.33,7.22,0.24,332,46.59,129.46,6.88,0.12,0.67,0.27
2021,4,17,2.31,7.18,0.23,319.35,46.27,128.52,6.77,0.12,0.62,0.24
2021,4,18,5.47,7.31,0.55,303.3,100.32,131.55,13.18,0.23,1.17,0.3
2021,4,19,5.85,7.18,0.59,304.09,105.07,128.38,13.42,0.24,1.21,0.32
2021,4,20,5.77,7.19,0.58,312.52,104.65,129.17,13.71,0.27,1.38,0.19
2021,4,21,2.99,7.59,0.3,298.82,57.34,135.46,8.22,0.16,0.82,0.24
2021,4,22,4.67,7.66,0.47,299.45,84.55,134.22,11.52,0.2,1.02,0.2
2021,4,23,6.39,7.68,0.63,258.02,114.91,136.55,14.89,0.25,1.3,0.16
2021,4,24,4.29,7.3,0.42,296.84,81.21,131.53,10.82,0.2,1.03,0.19
2021,4,25,4.06,7.34,0.4,315.1,76.77,132.64,10.58,0.22,1.1,0.23
2021,4,26,7.76,7.76,0.76,264.17,141.89,141.37,18.12,0.34,1.66,0.16
2021,4,27,6.87,7.28,0.66,319.7,125.2,132.57,15.85,0.3,1.49,0.15
2021,4,28,3.84,6.64,0.38,367.7,74.09,121.73,9.74,0.2,1.02,0.12
2021,4,29,1.47,6.88,0.14,375.2,31.74,130.59,4.7,0.1,0.51,0.16
2021,4,30,4.59,7.81,0.44,312.41,86.2,141.76,11.72,0.24,1.23,0.27
2021,5,1,8.03,8.09,0.77,268.66,144.03,144.38,18.53,0.32,1.6,0.12
2021,5,2,6.73,7.53,0.64,334.48,125.52,139.01,16.29,0.36,1.79,0.16
2021,5,3,2.11,7.09,0.2,365.98,45.33,134.01,6.61,0.16,0.77,0.12
2021,5,4,3.23,7.21,0.3,379.72,65.41,135.47,9.09,0.2,1.03,0.13
2021,5,5,2.24,7.64,0.21,344.78,46.64,141.97,6.84,0.16,0.81,0.2
2021,5,6,6.54,8.06,0.61,291.97,119.31,144.34,15.8,0.34,1.7,0.26
2021,5,7,2.47,7.57,0.23,307.47,49.93,136.38,7.12,0.14,0.7,0.21
2021,5,8,4.51,7.88,0.42,308.66,83.74,140.53,11.42,0.21,1.09,0.26
2021,5,9,1.11,7.67,0.1,327.62,24.62,142.37,3.69,0.06,0.31,0.18
2021,5,10,6.35,8.1,0.59,306.18,115.35,144.9,15.22,0.33,1.64,0.14
2021,5,11,5.3,8.09,0.48,305.99,97.26,144.91,13.05,0.29,1.45,0.24
2021,5,12,6.56,8.29,0.6,288.11,119.55,148.84,15.76,0.33,1.65,0.14
2021,5,13,6.26,8.33,0.57,291.02,113.02,149.16,14.84,0.3,1.52,0.16
2021,5,14,6.46,8.22,0.59,296.09,117.71,148.5,15.31,0.3,1.48,0.33
2021,5,15,6.89,8.13,0.62,302.23,125.4,145.84,16.09,0.3,1.55,0.4
2021,5,16,4.42,7.47,0.4,333.39,83.55,133.05,10.98,0.22,1.12,0.17
2021,5,17,6.02,8.12,0.54,321.09,112.66,147.77,15.1,0.3,1.55,0.22
2021,5,18,8.1,8.15,0.73,309.99,149.16,149.34,18.99,0.38,1.88,0.41
2021,5,19,7.85,8.18,0.7,331.59,146.69,151.69,18.94,0.4,1.97,0.32
2021,5,20,7.86,8.18,0.7,341.7,147.41,152.21,19.03,0.41,2.05,0.23
2021,5,21,7.82,8.09,0.7,341.68,146.55,150.65,18.8,0.41,2.07,0.17
2021,5,22,4.71,7.88,0.42,369.27,91.53,145.87,12.35,0.29,1.46,0.12
2021,5,23,5.95,7.84,0.53,383.34,114.23,147.73,15.02,0.35,1.77,0.14
2021,5,24,2.78,7.36,0.25,395.6,58.18,140.18,8.22,0.21,1.05,0.11
2021,5,25,6.33,7.56,0.56,374.54,119.88,140.78,15.48,0.39,1.98,0.13
2021,5,26,5.07,7.47,0.45,383.77,98.15,139.55,13,0.34,1.71,0.17
2021,5,27,7.73,8.53,0.68,334.41,144.09,157.33,18.88,0.48,2.38,0.12
2021,5,28,2.15,7.6,0.19,361.91,45.06,142.66,6.46,0.15,0.73,0.12
2021,5,29,1.87,8.16,0.16,345.82,39.98,150.55,5.92,0.15,0.76,0.17
2021,5,30,2.33,8.22,0.2,343.87,48.25,150.12,7.12,0.15,0.76,0.2
2021,5,31,8.23,8.61,0.72,305.22,151.45,157,19.62,0.41,2.04,0.25
2021,6,1,5.7,8.13,0.5,335.2,108.24,148.49,14.41,0.32,1.59,0.25
2021,6,2,2.71,7.25,0.23,362.95,55.56,133.19,7.59,0.17,0.86,0.12
2021,6,3,2.64,7.44,0.23,375.83,55.15,139.03,7.68,0.18,0.88,0.13
2021,6,4,6.46,7.95,0.56,366.45,122.96,148.38,16.13,0.36,1.81,0.11
2021,6,5,8.02,8.36,0.7,360.12,152.91,158.13,19.89,0.42,2.09,0.12
2021,6,6,7.5,8.36,0.65,366.75,142.09,156.05,18.55,0.43,2.16,0.13
2021,6,7,5.35,7.87,0.46,405.37,105.92,151.69,14.45,0.37,1.84,0.09
2021,6,8,5.6,7.74,0.48,400.02,110.34,147.66,14.79,0.38,1.86,0.14
2021,6,9,4.27,7.89,0.37,400.23,87.39,151.76,12.25,0.3,1.52,0.15
2021,6,10,4.94,7.96,0.43,401.97,99.92,154.37,13.76,0.34,1.73,0.21
2021,6,11,4.09,7.88,0.35,392.95,83.99,151.93,11.88,0.3,1.51,0.13
2021,6,12,6.03,8.04,0.52,380.94,115.79,151.59,15.34,0.38,1.92,0.12
2021,6,13,5.7,7.92,0.49,393.7,111.62,151.18,15.07,0.4,2.01,0.15
2021,6,14,6.15,8.28,0.53,366.02,118.72,155.77,15.82,0.38,1.88,0.2
2021,6,15,5.6,8.24,0.48,343.77,107.17,153.34,14.27,0.3,1.51,0.16
2021,6,16,8.63,8.85,0.74,295.94,158.3,160.55,20.7,0.43,2.12,0.23
2021,6,17,8.84,8.87,0.77,297.82,163.19,162.3,21.09,0.43,2.15,0.31
2021,6,18,5.77,8.18,0.5,360.47,112.08,154.12,14.77,0.32,1.62,0.15
2021,6,19,2.99,7.86,0.26,392.27,62.59,150.52,8.87,0.2,1.02,0.12
2021,6,20,6.61,7.82,0.57,389.28,128.16,149.29,16.83,0.39,1.98,0.13
2021,6,21,4.25,7.5,0.37,394.12,82.79,140.84,11.01,0.27,1.32,0.16
2021,6,22,4.83,8.59,0.41,342.83,93.55,159.13,12.85,0.3,1.54,0.2
2021,6,23,8.2,8.78,0.71,304.66,150.96,160.2,19.62,0.41,2.07,0.24
2021,6,24,8.42,8.52,0.73,331.69,160.02,160.34,20.72,0.45,2.23,0.17
2021,6,25,7.28,8.31,0.62,355.21,138.02,155.51,18.1,0.42,2.11,0.16
2021,6,26,6.93,7.83,0.6,376,132.34,147.42,17.02,0.43,2.18,0.17
2021,6,27,7.28,8.05,0.63,380.52,139.71,152.84,17.95,0.45,2.27,0.16
2021,6,28,7.57,8.08,0.66,393.19,146.66,154.9,18.96,0.48,2.41,0.11
2021,6,29,7.7,7.9,0.66,399.09,149.12,151.93,19.12,0.48,2.41,0.1
2021,6,30,4.48,7.84,0.39,400.95,88.98,151.09,12.03,0.3,1.49,0.12
2021,7,1,2.24,7.62,0.2,390.21,48,145.25,6.91,0.17,0.86,0.11
2021,7,2,6.34,8.34,0.55,355.25,120.82,154.98,16.12,0.39,1.98,0.15
2021,7,3,6.9,8.02,0.6,349.73,128.68,147.35,16.58,0.36,1.78,0.18
2021,7,4,6.8,8.2,0.59,368.68,130.41,154.43,17.21,0.38,1.92,0.16
2021,7,5,6.84,7.33,0.59,381.78,128.88,136.52,16.08,0.36,1.79,0.12
2021,7,6,6.41,7.24,0.56,387.8,120.25,135.03,15.02,0.34,1.69,0.18
2021,7,7,5.04,6.98,0.44,395.41,95.05,128.52,11.91,0.28,1.39,0.13
2021,7,8,3.31,7.33,0.29,404.12,68.17,139.68,9.24,0.22,1.07,0.16
2021,7,9,4.91,7.85,0.43,389.66,96.82,148.13,13.06,0.32,1.61,0.13
2021,7,10,6.12,8.07,0.54,357.09,115.84,149.47,15.4,0.36,1.8,0.18
2021,7,11,4.76,7.36,0.42,401.31,93.98,140.83,12.48,0.3,1.52,0.12
2021,7,12,5.8,7.63,0.51,404.96,114.31,146.73,15.19,0.38,1.9,0.11
2021,7,13,6.36,7.73,0.56,400.27,124.62,148.88,16.59,0.42,2.13,0.16
2021,7,14,5.66,7.66,0.5,393.77,109.84,145,14.41,0.38,1.88,0.23
2021,7,15,5.92,7.08,0.52,390.04,111.14,130.66,13.74,0.32,1.6,0.13
2021,7,16,5.11,7.51,0.45,398.45,99.77,143.2,13.3,0.33,1.66,0.11
2021,7,17,3.86,7.28,0.34,406.91,78.55,138.91,10.8,0.27,1.37,0.16
2021,7,18,5.62,7.35,0.5,368.01,106.38,135.71,13.66,0.32,1.62,0.16
2021,7,19,6.35,6.43,0.57,354.98,111.65,113.96,13.02,0.26,1.3,0.25
2021,7,20,5.39,5.72,0.48,375.65,91.51,98.27,9.86,0.2,0.98,0.28
2021,7,21,5.81,7.42,0.52,371.78,110.26,137.55,14.29,0.34,1.66,0.14
2021,7,22,6.38,7.57,0.58,341.91,117.9,137.77,14.95,0.33,1.65,0.18
2021,7,23,7.32,7.66,0.66,356.2,136.95,142.53,17.41,0.39,1.97,0.2
2021,7,24,4.08,7.27,0.37,388.5,81.23,137.99,10.97,0.26,1.29,0.21
2021,7,25,5.17,7.15,0.47,402.99,101.55,136.51,13.5,0.34,1.66,0.13
2021,7,26,7.11,7.65,0.65,367.15,134.41,143.22,17.27,0.4,2,0.15
2021,7,27,7.22,7.38,0.66,350.35,132.81,135.27,16.54,0.36,1.79,0.27
2021,7,28,6.63,7.53,0.61,375.09,126.52,142.03,16.3,0.38,1.88,0.24
2021,7,29,2.68,5.94,0.25,394.66,53.16,107.44,6.77,0.14,0.71,0.21
2021,7,30,7.21,8,0.66,363.2,137.22,150.87,18.11,0.42,2.11,0.15
2021,7,31,7.7,7.91,0.71,333.28,143.98,147.07,18.6,0.43,2.16,0.22
2021,8,1,4.97,7.17,0.46,367.71,95.09,132.74,12.31,0.29,1.44,0.16
2021,8,2,6.72,7.92,0.62,337.83,125.51,145.93,16.58,0.37,1.82,0.16
2021,8,3,6.43,7.63,0.6,349.57,120.06,141.09,15.66,0.34,1.7,0.23
2021,8,4,5.81,7.35,0.55,373.02,110.25,137.35,14.4,0.31,1.58,0.21
2021,8,5,6.47,7.13,0.61,365.2,121.23,133,15.47,0.34,1.66,0.3
2021,8,6,6.31,7.22,0.6,378.92,119.98,136.05,15.47,0.34,1.7,0.34
2021,8,7,4.47,6.87,0.43,391.06,87.89,129.52,11.59,0.27,1.37,0.31
2021,8,8,5.63,6.84,0.54,383.73,107.15,128.98,13.75,0.32,1.62,0.23
2021,8,9,6.23,6.75,0.6,399.03,118.16,127.77,14.91,0.36,1.82,0.14
2021,8,10,3.06,6.53,0.3,416.13,62.78,124.58,8.49,0.21,1.08,0.16
2021,8,11,3.08,6.54,0.3,413.84,61.27,124.99,8.14,0.2,0.98,0.13
2021,8,12,5.03,6.89,0.49,408.19,98.35,131.73,12.85,0.3,1.54,0.14
2021,8,13,6.07,6.83,0.59,403.78,117.58,131.16,15.09,0.36,1.78,0.09
2021,8,14,4.86,6.99,0.48,389.65,95.64,134,12.78,0.32,1.6,0.11
2021,8,15,4.3,6.88,0.42,379.75,85.45,131.91,11.69,0.29,1.47,0.1
2021,8,16,2.29,6.34,0.23,400.56,48.49,121.91,6.86,0.16,0.84,0.12
2021,8,17,3.78,6.4,0.38,399.92,76.86,123.49,10.43,0.27,1.37,0.13
2021,8,18,2.03,6.76,0.2,408.34,44.14,133.28,6.6,0.18,0.89,0.15
2021,8,19,2.91,6.71,0.3,401.27,60.67,130.3,8.71,0.22,1.1,0.11
2021,8,20,5.58,6.72,0.56,383.11,106.51,126.34,13.82,0.34,1.67,0.35
2021,8,21,6.36,6.65,0.65,366.19,120.21,125.32,15.24,0.34,1.71,0.38
2021,8,22,5.6,6.51,0.57,379.52,107.73,123.92,14.02,0.33,1.63,0.35
2021,8,23,5.5,6.61,0.57,398.54,106.55,126.4,13.79,0.32,1.62,0.14
2021,8,24,6.73,6.71,0.7,372.2,128.64,128.02,16.31,0.37,1.84,0.36
2021,8,25,6.04,6.54,0.63,395.45,116.31,125.21,14.95,0.34,1.73,0.23
2021,8,26,5.49,6.49,0.58,402.53,107.02,125.36,14.09,0.34,1.7,0.23
2021,8,27,5.19,6.3,0.55,397.48,101.63,121.81,13.29,0.33,1.68,0.15
2021,8,28,5.12,6.27,0.55,396.71,100.04,120.97,12.98,0.32,1.62,0.2
2021,8,29,5.12,6.2,0.55,402.75,99.38,119.3,13.02,0.31,1.58,0.09
2021,8,30,4.05,6.25,0.44,402.37,80.46,121.33,10.92,0.26,1.32,0.11
2021,8,31,2.39,6.11,0.26,395.55,49.58,117.89,7.05,0.18,0.91,0.19
2021,9,1,1.87,6.17,0.2,374.96,39.78,120.14,5.93,0.15,0.77,0.17
2021,9,2,6.97,6.94,0.77,292.02,127.62,126.87,16.2,0.36,1.79,0.2
2021,9,3,6.04,6.69,0.66,324.62,112.55,124.15,14.58,0.32,1.62,0.33
2021,9,4,6.23,6.5,0.7,352.6,117.88,122.62,15.19,0.34,1.71,0.13
2021,9,5,2.17,5.6,0.24,383.52,44.13,105.7,6.17,0.15,0.76,0.18
2021,9,6,5.56,6.37,0.62,341.32,105.16,119.88,13.57,0.31,1.56,0.18
2021,9,7,5.49,6.15,0.62,354.73,103.89,116.07,13.38,0.29,1.44,0.17
2021,9,8,2.2,5.74,0.25,370.38,44.29,108.07,6.08,0.12,0.62,0.12
2021,9,9,4.65,6.28,0.53,344.12,87.79,116.66,11.59,0.23,1.17,0.18
2021,9,10,5.16,6.19,0.59,326.85,95.9,114.41,12.28,0.23,1.16,0.24
2021,9,11,5.88,5.99,0.69,328.12,109.29,111.45,13.65,0.28,1.38,0.17
2021,9,12,4.83,4.87,0.57,362.61,86.49,88.02,10.03,0.2,0.98,0.15
2021,9,13,3.05,4.74,0.36,390.88,58.25,87.34,7.13,0.16,0.83,0.1
2021,9,14,4.33,4.85,0.52,377.4,79.29,88.7,9.44,0.2,1.05,0.12
2021,9,15,2.28,5.36,0.27,384.65,46.88,102.09,6.55,0.16,0.79,0.11
2021,9,16,3.72,5.68,0.45,374.59,72.12,107.31,9.7,0.22,1.1,0.09
2021,9,17,4.72,5.54,0.58,381.04,91.53,106.89,11.8,0.25,1.26,0.12
2021,9,18,5.22,5.54,0.64,364.11,98.58,104.82,12.38,0.26,1.3,0.12
2021,9,19,5.84,5.83,0.73,343.52,110.48,110.41,13.87,0.3,1.49,0.1
2021,9,20,4.62,5.45,0.58,372.5,88.33,103.78,11.38,0.24,1.23,0.12
2021,9,21,4.1,5.41,0.52,374.23,79.46,103.68,10.59,0.23,1.2,0.13
2021,9,22,3.24,5.07,0.41,393.4,63.98,97.62,8.62,0.2,0.98,0.2
2021,9,23,2.91,5.62,0.38,343.46,55.33,103.78,7.61,0.17,0.86,0.2
2021,9,24,5.68,5.69,0.73,302.46,105.54,105.83,13.14,0.25,1.26,0.16
2021,9,25,4.55,5.55,0.59,316.72,84.13,101.69,10.95,0.23,1.15,0.17
2021,9,26,5.57,5.55,0.73,300.8,103.41,103.38,12.83,0.23,1.18,0.19
2021,9,27,5.1,5.21,0.68,335.07,96.12,98.6,12.01,0.23,1.17,0.15
2021,9,28,2.49,4.95,0.34,362.68,47.62,93.34,6.38,0.13,0.66,0.12
2021,9,29,5.43,5.41,0.73,301.13,100.15,100,12.38,0.23,1.16,0.21
2021,9,30,4.98,5.42,0.68,294.88,90.98,99.17,11.41,0.22,1.09,0.18
2021,10,1,5.34,5.33,0.73,287.25,96.93,97.21,11.91,0.23,1.12,0.22
2021,10,2,4.6,5.22,0.64,310.23,84.65,96.11,10.79,0.22,1.09,0.3
2021,10,3,1.95,4.46,0.27,377.52,39.2,84.84,5.45,0.12,0.62,0.11
2021,10,4,2.77,4.65,0.39,376.44,54.12,88.84,7.27,0.16,0.82,0.22
2021,10,5,4.09,4.55,0.59,347.6,76.3,84.7,9.5,0.2,1,0.29
2021,10,6,3.96,4.66,0.57,366.95,75.88,89.74,9.62,0.2,1.01,0.09
2021,10,7,3.12,4.54,0.45,380.4,60.39,87.43,8.02,0.18,0.91,0.1
2021,10,8,3.45,4.49,0.51,376.27,65.93,85.88,8.57,0.19,0.96,0.12
2021,10,9,1.7,4.16,0.25,374.25,33.73,78.2,4.75,0.1,0.49,0.12
2021,10,10,3.73,4.55,0.56,347.22,70.27,86.21,8.88,0.16,0.84,0.1
2021,10,11,4.01,4.44,0.61,342.77,74.99,83.7,9.34,0.19,0.93,0.1
2021,10,12,3.4,4.37,0.52,353.1,64.23,82.35,8.23,0.16,0.84,0.12
2021,10,13,2.71,4.46,0.42,348.27,51.45,83.19,6.92,0.14,0.72,0.28
2021,10,14,2.86,4.27,0.45,363.12,54.67,81.95,7.22,0.15,0.73,0.13
2021,10,15,2.24,4,0.36,392.98,43.46,76.3,5.91,0.13,0.67,0.12
2021,10,16,1.19,4.16,0.19,357.23,23.59,77.54,3.37,0.07,0.36,0.18
2021,10,17,2.28,4.46,0.37,322.38,41.95,80.88,5.57,0.09,0.48,0.16
2021,10,18,4.17,4.47,0.68,273.27,74.34,80.38,9.05,0.13,0.66,0.17
2021,10,19,4.45,4.4,0.73,278.35,80.65,80.57,9.66,0.16,0.76,0.26
2021,10,20,4.34,4.28,0.73,290.95,79.23,79.03,9.47,0.16,0.8,0.12
2021,10,21,3.19,4.15,0.54,337.06,59.36,77.3,7.55,0.14,0.7,0.16
2021,10,22,1.34,4.07,0.23,342.67,26.42,76.03,3.88,0.07,0.36,0.08
2021,10,23,1.25,3.89,0.22,327.55,24.52,70.84,3.58,0.06,0.32,0.23
2021,10,24,1.63,3.77,0.28,348.37,31.8,70.49,4.41,0.09,0.44,0.14
2021,10,25,1.93,3.8,0.34,331.23,36.12,69.33,4.87,0.09,0.48,0.12
2021,10,26,1.14,3.96,0.2,330.6,22.43,72.63,3.3,0.06,0.31,0.23
2021,10,27,1.35,3.84,0.24,327.43,26.47,72.19,3.71,0.06,0.3,0.12
2021,10,28,2.86,3.82,0.52,324.96,53.05,70.19,6.85,0.12,0.57,0.12
2021,10,29,0.92,3.62,0.17,346.78,18.59,68.9,2.69,0.05,0.23,0.16
2021,10,30,1.44,3.45,0.27,334.04,28.19,63.52,4,0.07,0.33,0.13
2021,10,31,1.06,3.6,0.2,348.68,20.88,66.73,3.02,0.05,0.23,0.15
2021,11,1,3.57,3.86,0.68,281.27,63.99,69.4,7.73,0.12,0.6,0.14
2021,11,2,2.13,3.73,0.41,295.05,38.48,66.83,5.12,0.09,0.44,0.12
2021,11,3,2.95,3.83,0.58,260.04,51.95,67.64,6.41,0.09,0.45,0.15
2021,11,4,3.12,3.55,0.62,245.14,54.19,61.81,6.55,0.09,0.42,0.41
2021,11,5,3.31,3.65,0.66,234.58,57.48,63.87,6.77,0.09,0.43,0.38
2021,11,6,3.74,3.69,0.76,230.06,64.97,64.7,7.49,0.09,0.46,0.27
2021,11,7,3.36,3.55,0.69,244.18,59.5,63.51,7.01,0.1,-999,0.46
2021,11,8,3.29,3.39,0.68,269.95,59.39,61.98,6.9,0.1,-999,0.42
2021,11,9,3.28,3.3,0.68,289.81,58.73,59.89,6.87,0.12,0.59,0.09
2021,11,10,3.19,3.37,0.67,297.83,57.97,61.68,6.91,0.12,0.59,0.13
2021,11,11,2.24,3.16,0.48,308.27,40.3,56.55,5.2,0.09,0.41,0.14
2021,11,12,3.04,3.37,0.66,291.12,53.96,60.52,6.38,0.09,0.44,0.15
2021,11,13,1.14,3.2,0.25,309.18,20.85,56.65,2.89,0.04,0.2,0.17
2021,11,14,0.85,3.1,0.19,296.64,16.3,56.02,2.38,0.03,0.16,0.14
2021,11,15,1.3,3.21,0.29,299.84,23.48,56.65,3.27,0.04,0.18,0.19
2021,11,16,1.67,3.16,0.38,274.99,30.42,56.82,4.04,0.05,0.23,0.2
2021,11,17,2.14,2.85,0.48,311.73,38.57,51.87,4.81,0.06,0.3,0.12
2021,11,18,0.55,2.64,0.12,321.42,10.6,48.1,1.56,0.02,0.11,0.13
2021,11,19,1.3,3.18,0.3,278.76,23.39,55.79,3.24,0.04,0.2,0.28
2021,11,20,2.02,3.09,0.47,261.55,35.52,53.16,4.64,0.05,0.27,0.13
2021,11,21,0.79,2.71,0.19,290.86,15.2,48.74,2.2,0.03,0.15,0.11
2021,11,22,2.4,3.1,0.57,269.08,42.17,54.48,5.27,0.07,0.33,0.14
2021,11,23,2.63,3.07,0.63,223.7,45.23,53.11,5.36,0.05,0.27,0.21
2021,11,24,2.57,2.93,0.62,246.62,45.75,52.8,5.56,0.06,0.32,0.13
2021,11,25,0.72,2.56,0.18,312.64,13.48,46.34,1.88,0.02,0.13,0.12
2021,11,26,0.83,2.95,0.2,292.82,15.34,51.6,2.24,0.03,0.16,0.25
2021,11,27,2.04,2.85,0.51,279.8,36.5,51.21,4.66,0.05,0.26,0.13
2021,11,28,0.67,2.67,0.16,301.48,12.22,46.52,1.78,0.02,0.11,0.19
2021,11,29,1.53,2.81,0.38,285.76,27.02,49.28,3.55,0.04,0.19,0.2
2021,11,30,1.31,2.68,0.33,291.27,23.47,47.1,3.12,0.03,0.16,0.19
2021,12,1,1.77,2.69,0.45,279.87,31.55,47.98,4.03,0.05,0.22,0.12
2021,12,2,1.21,2.52,0.31,320.62,22.54,46.26,3.06,0.03,0.16,0.28
2021,12,3,1.08,2.65,0.28,301.53,20.13,48.62,2.87,0.03,0.16,0.28
2021,12,4,2.7,2.72,0.7,253.71,47.64,48.68,5.34,0.05,0.29,0.41
2021,12,5,1.41,2.44,0.37,285.39,25.42,43.38,3.3,0.04,0.2,0.27
2021,12,6,0.51,2.35,0.13,319.49,9.92,43.6,1.47,0.02,0.09,0.43
2021,12,7,1.59,2.72,0.42,241.98,28.23,47.72,3.78,0.05,0.21,0.18
2021,12,8,0.92,2.51,0.24,281.58,17.16,43.96,2.42,0.02,0.12,0.19
2021,12,9,1.14,2.55,0.3,262.91,21.04,44.7,2.95,0.03,0.15,0.24
2021,12,10,1.9,2.45,0.51,312.27,33.77,43.89,4.11,0.05,0.21,0.21
2021,12,11,0.51,2.13,0.13,332.72,9.62,39.79,1.43,0.02,0.09,0.59
2021,12,12,2.48,2.65,0.67,224.6,42.98,46.73,4.85,0.05,-999,0.32
2021,12,13,2.67,2.63,0.72,237.24,46.54,46.59,5.12,0.05,0.25,0.27
2021,12,14,2.54,2.56,0.69,246.55,44.9,46.03,5.02,0.05,0.27,0.34
2021,12,15,0.87,2.28,0.23,310.24,16.43,40.83,2.27,0.02,0.13,0.34
2021,12,16,1.22,2.29,0.33,331.27,22.47,42.54,2.94,0.04,0.2,0.52
2021,12,17,1.92,2.65,0.52,268.43,34.06,46.73,4.27,0.05,0.27,0.31
2021,12,18,0.57,1.9,0.16,327.84,11.11,34.27,1.59,0.02,0.09,0.32
2021,12,19,1.13,2.68,0.3,289.87,20.49,46.95,2.91,0.04,0.2,0.41
2021,12,20,2.46,2.6,0.67,233.05,42.67,45.83,4.7,0.05,-999,0.42
2021,12,21,2.36,2.51,0.65,225.62,40.27,43.21,4.65,0.05,0.26,0.3
2021,12,22,1.6,2.67,0.44,262.46,27.84,46.59,3.54,0.05,0.21,0.54
2021,12,23,1.54,2.46,0.42,272.02,27.65,43.45,3.62,0.04,0.21,0.36
2021,12,24,1.79,2.42,0.49,301.94,32.18,43.52,4.02,0.05,0.24,0.38
2021,12,25,0.59,2.15,0.16,344.01,11.75,39.98,1.66,0.02,0.11,0.49
2021,12,26,1.77,2.61,0.48,288.34,31.35,46.02,3.95,0.05,0.22,0.34
2021,12,27,0.45,2.15,0.12,317.06,8.42,38.92,1.2,0.02,0.07,0.46
2021,12,28,0.8,2.41,0.22,305.75,15.18,43.27,2.13,0.03,0.14,0.32
2021,12,29,0.8,2.34,0.22,322.23,14.81,41.53,2.09,0.02,0.12,0.28
2021,12,30,1.19,2.41,0.32,314.23,21.79,43.05,2.98,0.03,0.16,0.27
2021,12,31,1.4,2.45,0.38,321.98,25.82,44.85,3.45,0.04,0.2,0.3
2022,1,1,0.53,2.18,0.14,336.12,10.42,40.38,1.5,0.02,0.09,0.33
2022,1,2,0.88,2.55,0.23,298.34,16.84,46.4,2.34,0.03,0.15,0.55
2022,1,3,2.37,2.81,0.62,242.91,40.86,48.68,4.87,0.05,0.27,0.58
2022,1,4,2.69,2.75,0.71,227.25,47.05,48.55,5.37,0.05,0.26,0.44
2022,1,5,2.03,2.66,0.53,263.03,35.77,46.81,4.4,0.04,0.21,0.87
2022,1,6,2.08,2.77,0.54,234.73,36.38,48.24,4.47,0.04,0.18,0.62
2022,1,7,1.24,2.83,0.32,262.34,21.87,48.46,3.04,0.03,0.16,0.87
2022,1,8,2.7,2.84,0.7,229.91,47.27,50.18,5.48,0.05,0.28,0.52
2022,1,9,0.42,2.45,0.11,287.39,8.11,44.8,1.19,0.02,0.06,0.88
2022,1,10,1.88,2.95,0.48,238.65,32.15,50.59,4.12,0.05,0.23,0.94
2022,1,11,2.57,2.98,0.65,210.69,44.19,51.6,5.27,0.05,0.24,0.6
2022,1,12,2.64,2.77,0.66,240.97,46.35,49.09,5.48,0.05,0.28,0.64
2022,1,13,1.28,2.67,0.31,294.37,23.72,47.02,3.2,0.03,0.16,0.43
2022,1,14,0.72,2.93,0.18,299.86,13.47,52.08,1.92,0.02,0.09,0.72
2022,1,15,2.31,3.08,0.56,205.68,40.5,53.59,5.05,0.05,0.24,0.63
2022,1,16,1.8,2.9,0.44,238.3,32.87,52.13,4.12,0.04,0.2,0.85
2022,1,17,0.94,2.93,0.23,275.45,18.07,52.01,2.4,0.03,0.13,1.27
2022,1,18,1.29,3.09,0.3,266.72,23.38,54.52,3.23,0.03,0.16,0.78
2022,1,19,1.7,2.81,0.4,282.7,30.67,50.1,3.94,0.04,0.19,0.78
2022,1,20,1.65,3.24,0.38,246.08,29.33,56.43,3.96,0.05,0.23,0.88
2022,1,21,2.89,3.39,0.66,191.48,48.98,57.25,5.89,0.06,0.3,0.67
2022,1,22,2.82,3.37,0.64,209,47.77,56.99,5.82,0.05,0.27,0.63
2022,1,23,1.41,3.12,0.32,263.15,25.66,55.11,3.28,0.04,0.18,0.75
2022,1,24,1.06,3.16,0.23,266.87,19.78,55.86,2.77,0.03,0.15,0.66
2022,1,25,1.85,3.39,0.41,254.58,32.69,58.98,4.38,0.05,0.27,0.68
2022,1,26,1.61,3.49,0.35,227.77,27.83,59.32,3.77,0.05,0.21,0.7
2022,1,27,2.65,3.38,0.58,231.38,45.92,58.27,5.65,0.06,0.3,0.83
2022,1,28,1.22,3.38,0.26,268.04,22.95,60.25,3.16,0.04,0.2,0.64
2022,1,29,3.1,3.67,0.66,196.52,52.55,62.14,6.41,0.05,0.3,0.91
2022,1,30,1.63,3.52,0.34,230.36,29.39,61.7,4.1,0.05,0.22,0.64
2022,1,31,3,3.46,0.62,220.41,52.31,60.75,6.4,0.07,0.36,0.51
2022,2,1,2.89,3.32,0.59,235.19,49.66,56.98,6,0.07,0.34,0.79
2022,2,2,1.44,3.33,0.3,275.09,26.95,58.84,3.67,0.05,0.23,0.64
2022,2,3,0.67,3.36,0.13,293.95,13.31,63.16,1.95,0.03,0.14,0.75
2022,2,4,1.03,3.53,0.2,265.7,19.93,64.09,2.9,0.05,0.23,0.8
2022,2,5,2.23,3.89,0.44,223.38,39.29,67.77,5.21,0.07,0.34,0.73
2022,2,6,3.73,3.82,0.73,211.71,66.19,68.32,7.97,0.11,0.55,0.66
2022,2,7,3.56,3.81,0.69,224.31,62.34,67.11,7.56,0.11,0.54,0.55
2022,2,8,2.16,3.92,0.41,256.46,37.99,68.76,5,0.07,0.33,0.71
2022,2,9,3.34,3.69,0.62,252.13,58.48,64.85,7.14,0.09,0.47,0.77
2022,2,10,2.46,3.91,0.45,273.69,43.38,69.12,5.58,0.07,0.34,0.9
2022,2,11,3.34,3.86,0.61,265.45,59.34,69.05,7.35,0.08,0.39,1.01
2022,2,12,1.64,4.09,0.3,301.05,29.77,72.37,4.11,0.05,0.27,0.98
2022,2,13,1.9,4.22,0.34,274.39,34.01,73.23,4.8,0.06,0.3,0.81
2022,2,14,2.62,4.33,0.46,235.72,45.3,74.21,6.02,0.07,0.35,0.76
2022,2,15,4.08,4.24,0.72,211.06,70.41,73.58,8.4,0.09,0.48,0.49
2022,2,16,3.38,4.09,0.59,267.8,60.4,72.67,7.55,0.12,0.59,1.09
2022,2,17,0.82,3.91,0.14,328.85,16.57,73.56,2.4,0.04,0.21,1.6
2022,2,18,2.45,4.53,0.41,262.41,43.77,79.41,5.99,0.11,0.52,1.24
2022,2,19,2.68,4.58,0.45,237.25,47.16,79.55,6.28,0.11,0.52,1.46
2022,2,20,4.44,4.51,0.73,219.32,78.22,79.85,9.41,0.13,0.65,0.94
2022,2,21,4.35,4.41,0.71,258.2,76.95,78.51,9.26,0.15,0.73,0.8
2022,2,22,0.97,3.92,0.16,327.55,19.41,73.26,2.77,0.04,0.21,1.15
2022,2,23,1.27,4.53,0.2,307.45,24.41,80.63,3.55,0.07,0.34,1.1
2022,2,24,2.44,4.24,0.39,284.7,45.31,75.66,6.11,0.12,0.57,0.71
2022,2,25,0.82,4.56,0.12,294.82,16.13,81.1,2.42,0.05,0.24,1
2022,2,26,3.29,4.87,0.51,248.3,58.43,85.93,7.61,0.12,0.62,0.75
2022,2,27,4.93,4.89,0.76,227.46,85.55,85.34,10.27,0.16,0.78,1
2022,2,28,4.77,4.91,0.73,238.85,84.6,87.41,10.32,0.16,0.8,0.48
2022,3,1,3.27,4.64,0.49,290.23,60.12,83.36,7.88,0.13,0.67,0.66
2022,3,2,4.64,4.88,0.69,271.84,82.8,87.45,10.14,0.15,0.74,0.55
2022,3,3,4.59,5.22,0.68,244.91,80.62,91.79,10.11,0.16,0.83,0.81
2022,3,4,5,5.22,0.73,224.57,87.63,91.66,10.79,0.16,0.79,0.39
2022,3,5,3.42,4.68,0.49,292.7,62.59,83.68,7.95,0.14,0.7,0.61
2022,3,6,2.88,4.7,0.41,349.98,55.21,88.26,7.43,0.15,0.74,1.2
2022,3,7,1.07,4.59,0.15,336.12,22.09,86.13,3.26,0.06,0.31,1.16
2022,3,8,3.21,5.47,0.45,281.95,58.3,96.8,7.93,0.15,0.74,0.52
2022,3,9,1.32,5.01,0.18,283.47,26.48,90.04,3.85,0.07,0.36,0.44
2022,3,10,4.5,5.26,0.62,256.41,79.15,92.01,9.84,0.16,0.8,0.41
2022,3,11,4.32,5.21,0.59,276.79,77.49,92.52,9.91,0.16,0.78,0.66
2022,3,12,2.93,5.73,0.39,252.31,53.38,100.09,7.3,0.12,0.61,1.29
2022,3,13,2.78,5.47,0.38,249.04,50.6,94.91,6.66,0.08,0.39,0.97
2022,3,14,4.39,5.3,0.58,266.22,78.79,94.52,9.93,0.15,0.75,0.6
2022,3,15,3.52,5.33,0.46,303.26,65.05,95.98,8.53,0.15,0.73,0.53
2022,3,16,5.21,5.53,0.68,285.52,93.84,99.73,11.75,0.2,1.02,0.51
2022,3,17,3.92,5.45,0.51,319.13,73.12,100.89,9.6,0.2,0.98,0.42
2022,3,18,4.46,5.6,0.57,305.84,81.98,101.76,10.56,0.2,1.04,0.59
2022,3,19,3.34,5.61,0.42,332.22,62.74,103.36,8.47,0.18,0.89,0.83
2022,3,20,3.15,5.75,0.4,290.7,58.59,103.21,7.85,0.16,0.77,0.77
2022,3,21,5.61,5.84,0.7,271.68,101.49,105.62,12.69,0.21,1.03,0.52
2022,3,22,2.17,5.65,0.27,307.16,43.12,103.15,6.05,0.11,0.55,0.55
2022,3,23,2.28,5.25,0.28,332.29,45.31,96.95,6.19,0.12,0.59,0.85
2022,3,24,4.98,6.01,0.6,314.38,90.03,108.02,11.61,0.23,1.15,0.47
2022,3,25,1.6,6.06,0.2,306.52,32.06,109.75,4.66,0.08,0.39,0.59
2022,3,26,3.26,6.27,0.39,300.84,60.9,111.4,8.38,0.14,0.71,0.73
2022,3,27,2.84,6.68,0.34,284.51,51.95,116.38,7.36,0.13,0.64,0.74
2022,3,28,4.11,6.78,0.48,262.35,72.97,116.47,9.88,0.16,0.77,0.66
2022,3,29,6.71,6.76,0.78,217.29,117.94,118.59,14.79,0.23,1.12,0.33
2022,3,30,4.45,5.82,0.52,311.37,82.41,105.82,10.55,0.2,0.96,0.47
2022,3,31,3.67,6,0.42,350.88,71.01,111.54,9.62,0.21,1.05,0.65
2022,4,1,3.89,6.71,0.45,306.56,71.96,119.98,9.92,0.2,1.01,0.55
2022,4,2,5.87,6.84,0.66,281.95,105.22,121.3,13.73,0.25,1.24,0.34
2022,4,3,1.53,6.61,0.17,320.97,30.99,117.94,4.66,0.09,0.44,0.48
2022,4,4,3.44,6.39,0.38,276.97,64.76,113.71,8.82,0.16,0.78,0.34
2022,4,5,3.77,6.31,0.41,301.5,70.91,114.04,9.55,0.18,0.9,0.22
2022,4,6,2.63,6.51,0.29,348.6,52.34,121.05,7.5,0.15,0.73,0.3
2022,4,7,2.29,6.53,0.25,335.05,45.06,118.69,6.46,0.13,0.69,0.27
2022,4,8,3.61,6.72,0.39,296.52,67.59,119.23,9.18,0.16,0.83,0.26
2022,4,9,3.98,6.85,0.43,308.9,73.99,121.8,10.11,0.18,0.89,0.3
2022,4,10,4.29,7.23,0.46,286.97,79.45,129.23,10.84,0.19,0.95,0.45
2022,4,11,2.64,6.4,0.28,322.54,52.41,117.4,7.26,0.15,0.74,0.26
2022,4,12,5.76,7,0.61,332.45,107.84,129.48,14.24,0.31,1.56,0.2
2022,4,13,3.88,6.55,0.41,357.52,75.21,122.15,10.22,0.22,1.1,0.28
2022,4,14,3.87,7.11,0.41,312.65,73.17,129.91,9.8,0.2,1.02,0.35
2022,4,15,7.3,7.43,0.76,271.76,130.33,132.19,16.61,0.33,1.64,0.35
2022,4,16,1.75,6.9,0.18,330.63,35.95,125.77,5.21,0.1,0.52,0.28
2022,4,17,6.02,7.64,0.62,268.02,107.86,134.93,14.16,0.27,1.36,0.21
2022,4,18,1.21,6.99,0.12,296.38,25.51,125.91,3.78,0.06,0.32,0.27
2022,4,19,2.78,7.44,0.28,302.73,53.38,132.04,7.72,0.15,0.76,0.28
2022,4,20,7.27,7.59,0.73,259.11,130.51,135.76,16.62,0.3,1.5,0.14
2022,4,21,1.34,6.96,0.13,335.86,27.92,128.91,4.2,0.09,0.49,0.18
2022,4,22,6.25,7.61,0.62,306.17,115,138.3,15.23,0.32,1.61,0.11
2022,4,23,6.04,6.87,0.6,336.93,112.5,126.88,14.41,0.33,1.65,0.13
2022,4,24,7.08,7.2,0.7,333.22,131.27,133.15,16.65,0.39,1.97,0.13
2022,4,25,5.39,6.83,0.53,361.75,101,126.82,13.18,0.32,1.61,0.16
2022,4,26,1.88,7.1,0.19,344.15,39.3,129.42,5.7,0.12,0.63,0.14
2022,4,27,3.8,7.88,0.37,312.85,71.15,140.95,9.95,0.22,1.1,0.2
2022,4,28,8,8.2,0.77,248.12,140.9,143.67,18.16,0.34,1.72,0.12
2022,4,29,8.17,8.2,0.79,243.79,144.09,144.05,18.45,0.38,1.85,0.22
2022,4,30,6.42,7.97,0.62,289.88,117.14,143.42,15.61,0.32,1.64,0.18
2022,5,1,2.69,6.84,0.26,346.72,54.22,127.16,7.5,0.15,0.77,0.12
2022,5,2,5.38,7.7,0.51,327.18,101.1,140.47,13.53,0.27,1.39,0.3
2022,5,3,3.9,7.11,0.37,347.93,75.85,130.32,10.14,0.2,1.03,0.19
2022,5,4,2.32,7.5,0.22,365.03,48,139.56,7.03,0.16,0.81,0.14
2022,5,5,5.76,7.78,0.54,337.46,108.04,142.6,14.49,0.33,1.65,0.1
2022,5,6,1.33,7.36,0.12,355.62,29.23,140.11,4.41,0.1,0.51,0.15
2022,5,7,2.73,7.8,0.26,325.88,56.75,145.32,8.34,0.2,0.97,0.18
2022,5,8,8.13,8.13,0.76,269.89,146.44,145.79,18.72,0.4,1.97,0.16
2022,5,9,8.51,8.5,0.79,265.1,150.52,149.54,19.23,0.41,2.08,0.14
2022,5,10,8.03,8.47,0.74,283.77,143.84,150.95,18.54,0.41,2.05,0.14
2022,5,11,8.43,8.49,0.77,283.55,151.88,152.17,19.55,0.44,2.19,0.2
2022,5,12,7.85,8.15,0.72,319.96,146.42,151.08,18.84,0.42,2.12,0.28
2022,5,13,5.41,7.81,0.49,365.59,105.8,148.53,14.32,0.34,1.66,0.12
2022,5,14,6.04,7.68,0.55,366.21,115.63,144.88,15.26,0.33,1.66,0.1
2022,5,15,6.82,7.79,0.62,359.06,130.66,147.59,17.14,0.38,1.87,0.18
2022,5,16,3.85,7.67,0.35,346.77,76.43,143.51,10.42,0.22,1.11,0.15
2022,5,17,8.01,8.4,0.72,301.66,148.8,154.55,19.41,0.38,1.84,0.21
2022,5,18,3.69,8.02,0.34,337.94,73.67,150.2,10.25,0.21,1.09,0.25
2022,5,19,4.97,8.03,0.45,370.48,96.24,150.16,13.2,0.34,1.68,0.15
2022,5,20,3.48,7.3,0.31,376.72,69.75,136.25,9.38,0.2,1.01,0.17
2022,5,21,6.96,7.77,0.62,369.34,129.63,143.43,16.52,0.39,1.96,0.13
2022,5,22,4.17,7.51,0.38,368.12,81.32,141.37,10.91,0.27,1.32,0.15
2022,5,23,4.2,8.02,0.38,335.81,83.45,149.34,11.52,0.28,1.39,0.1
2022,5,24,3.58,7.74,0.32,362.05,70.79,143.74,9.78,0.24,1.21,0.1
2022,5,25,6.31,7.66,0.55,343.96,119.38,142.2,15.45,0.37,1.86,0.16
2022,5,26,4.82,7.7,0.43,380.38,95.35,146.59,12.94,0.34,1.67,0.16
2022,5,27,4.57,7.85,0.41,372.11,90.99,148.51,12.53,0.34,1.69,0.14
2022,5,28,3.68,8.23,0.32,365.13,74.02,154.74,10.59,0.27,1.34,0.23
2022,5,29,7.76,8.29,0.68,342.2,147.32,156,19.11,0.47,2.35,0.34
2022,5,30,8.06,8.2,0.7,353.97,153.01,154.62,19.69,0.48,2.42,0.12
2022,5,31,7.48,8.18,0.66,370.09,142.54,154.55,18.41,0.45,2.29,0.12
2022,6,1,6.57,7.79,0.57,388.35,125.58,146.71,16.23,0.39,1.98,0.12
2022,6,2,2.77,7.82,0.24,387.48,58.8,149.61,8.52,0.22,1.09,0.12
2022,6,3,6.98,8.65,0.61,332.73,130.65,159.76,17.25,0.41,2.02,0.3
2022,6,4,8.74,8.76,0.76,306.94,161.8,160.81,21.05,0.48,2.4,0.15
2022,6,5,7.28,8.4,0.63,331.73,137.58,156.35,18.05,0.42,2.11,0.12
2022,6,6,6.48,8.22,0.56,359.64,123.6,153.85,16.41,0.38,1.91,0.15
2022,6,7,2.32,7.76,0.2,386.86,48.84,147.16,6.97,0.16,0.79,0.14
2022,6,8,7.83,8.4,0.68,359.7,149.27,158.27,19.69,0.48,2.4,0.12
2022,6,9,4.19,8.27,0.36,365.08,81.77,153.38,11.35,0.28,1.39,0.16
2022,6,10,7.09,8.49,0.61,329.18,133.09,156.09,17.44,0.4,1.99,0.23
2022,6,11,6.7,8.12,0.58,353.84,127.55,151.18,16.66,0.37,1.84,0.12
2022,6,12,4.62,7.73,0.4,382.99,91.17,145.76,12.2,0.26,1.27,0.14
2022,6,13,6.09,8.21,0.52,396.66,120.19,158.57,16.28,0.39,1.94,0.18
2022,6,14,4.7,7.79,0.41,405.35,95.12,151.73,13.02,0.33,1.63,0.15
2022,6,15,6.9,7.93,0.59,403.11,135.28,153.59,17.67,0.45,2.29,0.1
2022,6,16,6.01,7.66,0.52,404.44,116.28,145.48,15.14,0.38,1.89,0.14
2022,6,17,8.26,8.52,0.71,354.75,156.7,160.05,20.47,0.5,2.51,0.18
2022,6,18,7.54,8.91,0.65,315.14,139.43,162.34,18.53,0.45,2.24,0.2
2022,6,19,8.84,8.9,0.76,294.04,161.84,161.46,20.89,0.45,2.27,0.25
2022,6,20,4.33,8.22,0.38,366.47,86.16,155.56,12.05,0.3,1.48,0.2
2022,6,21,8.18,8.38,0.7,363.82,155.49,157.65,20.16,0.5,2.55,0.12
2022,6,22,6.49,7.77,0.56,395.02,126.58,149.27,16.6,0.41,2.11,0.12
2022,6,23,8.39,8.42,0.73,337.82,156.43,155.89,20.12,0.51,2.6,0.27
2022,6,24,8.61,8.72,0.74,323.52,160.62,161.02,20.8,0.49,2.47,0.2
2022,6,25,8.17,8.55,0.7,350.23,154.71,160.14,20.2,0.48,2.46,0.2
2022,6,26,4.31,7.74,0.38,400.53,87.43,149.23,12.14,0.3,1.52,0.11
2022,6,27,8.33,8.72,0.72,337.6,155.85,161.52,20.3,0.51,2.58,0.2
2022,6,28,8.67,8.81,0.75,311.4,161.98,163.02,21.11,0.52,2.63,0.25
2022,6,29,8.28,8.55,0.72,326.23,155.8,159.39,20.07,0.47,2.37,0.27
2022,6,30,8.41,8.45,0.73,339.05,157.49,157.05,20.16,0.46,2.32,0.25
2022,7,1,6.8,8.05,0.59,388.21,131.44,153.32,17.32,0.42,2.13,0.14
2022,7,2,5.98,7.88,0.52,392.23,115.71,148.91,15.46,0.41,2.05,0.12
2022,7,3,8.3,8.42,0.72,350.35,158.19,159.16,20.53,0.51,2.59,0.15
2022,7,4,8.01,8.37,0.7,351.99,152.56,157.85,19.82,0.49,2.52,0.09
2022,7,5,3.35,7.42,0.29,404.9,68.49,141.47,9.39,0.24,1.23,0.15
2022,7,6,4.06,7.81,0.35,408.73,82.83,151.25,11.61,0.3,1.54,0.11
2022,7,7,6.35,7.91,0.55,386.41,122.4,149.7,16.08,0.41,2.09,0.16
2022,7,8,4.88,8,0.43,390.43,97.07,152.81,13.33,0.35,1.77,0.11
2022,7,9,5.77,8.01,0.51,387.73,112.39,152.79,15.23,0.4,2.02,0.12
2022,7,10,8.03,8.53,0.7,345.34,151.79,159.22,19.84,0.49,2.51,0.13
2022,7,11,7.69,8.1,0.68,369.84,147.75,154.27,19.13,0.45,2.25,0.13
2022,7,12,5.62,7.97,0.49,398.55,110.69,152.44,15.02,0.38,1.93,0.16
2022,7,13,6.64,8.04,0.59,378.52,126.65,151.21,16.67,0.41,2.02,0.23
2022,7,14,6.85,8.13,0.61,367.23,131.39,153.18,17.34,0.4,1.98,0.15
2022,7,15,7.65,8.27,0.68,342.74,142.49,152.36,18.48,0.39,1.96,0.19
2022,7,16,4.12,7.83,0.37,392.48,83.16,150.23,11.65,0.27,1.38,0.2
2022,7,17,2.74,7.46,0.24,397.65,57.82,143.21,8.21,0.19,0.94,0.1
2022,7,18,3.06,7.61,0.27,392.77,64.27,147.29,9.18,0.23,1.12,0.12
2022,7,19,7.22,7.9,0.65,384.32,139.07,150.48,18.13,0.45,2.23,0.12
2022,7,20,7.45,7.85,0.67,389.44,143.83,150.23,18.63,0.47,2.38,0.15
2022,7,21,6.36,7.87,0.57,396.95,123.71,150.24,16.41,0.41,2.08,0.15
2022,7,22,7.14,7.82,0.64,376.95,138,149.73,17.92,0.44,2.22,0.15
2022,7,23,5.67,7.84,0.52,377.3,110.07,149.38,14.6,0.36,1.82,0.23
2022,7,24,6.15,7.46,0.55,396.4,119.09,142.15,15.7,0.4,2.02,0.16
2022,7,25,5.4,7.61,0.49,391.98,105.73,145.7,14.29,0.37,1.84,0.14
2022,7,26,4.92,7.73,0.45,378.71,98.12,148.49,13.32,0.32,1.59,0.11
2022,7,27,2.79,7.28,0.26,401.27,58.53,141.09,8.38,0.2,1.03,0.11
2022,7,28,4.59,7.54,0.42,399.13,91.96,145.51,12.52,0.3,1.54,0.16
2022,7,29,4.32,7.61,0.4,388.27,86.54,146.33,11.96,0.3,1.49,0.16
2022,7,30,7.24,7.99,0.67,349.26,137.64,150.57,17.96,0.43,2.17,0.31
2022,7,31,2.77,7.49,0.26,379.87,57.67,143.12,8.19,0.18,0.89,0.29
2022,8,1,3.93,7.46,0.37,400.71,78.58,142.28,11.01,0.29,1.43,0.27
2022,8,2,5.43,7.62,0.51,391.24,106.04,145.92,14.34,0.36,1.82,0.14
2022,8,3,7.48,7.72,0.7,376.95,143.21,147.18,18.5,0.45,2.25,0.16
2022,8,4,4.37,7.2,0.41,406.45,86.93,138.88,11.78,0.3,1.51,0.1
2022,8,5,4.66,7.08,0.44,409.48,92.51,136.3,12.59,0.32,1.62,0.1
2022,8,6,4.64,7.08,0.44,404.69,93.02,137.59,12.69,0.32,1.59,0.11
2022,8,7,5.41,7.16,0.52,407.91,106.55,138.45,14.16,0.35,1.76,0.11
2022,8,8,4.82,7.07,0.46,409.7,96.28,137.78,12.93,0.31,1.56,0.13
2022,8,9,3.61,6.84,0.34,416.34,73.77,133.51,10.14,0.24,1.23,0.12
2022,8,10,3.39,7.23,0.33,400.14,69.48,141.02,9.93,0.24,1.22,0.08
2022,8,11,5.7,7.51,0.55,362.05,110.04,142.43,14.56,0.34,1.73,0.16
2022,8,12,7.7,7.8,0.75,315.97,143.56,144.7,18.52,0.42,2.13,0.12
2022,8,13,6.76,7.77,0.66,325.67,125.94,143.8,16.7,0.38,1.9,0.17
2022,8,14,2.93,7.19,0.29,377.9,60.23,136.04,8.69,0.2,1.03,0.31
2022,8,15,2.84,6.98,0.28,380.96,57.61,131.95,8.16,0.18,0.91,0.21
2022,8,16,4.76,6.99,0.47,379.44,91.54,131.2,12.18,0.28,1.41,0.12
2022,8,17,5.37,6.99,0.53,368.91,103.29,131.8,13.65,0.32,1.59,0.19
2022,8,18,6.86,7.15,0.69,341.07,129.36,134.06,16.61,0.37,1.85,0.34
2022,8,19,6.8,7.13,0.69,347.34,127.14,132.81,16.27,0.36,1.79,0.2
2022,8,20,6.4,7.11,0.65,380.95,122.2,134.98,16.01,0.37,1.86,0.12
2022,8,21,3.99,6.53,0.41,401.25,79.88,125.61,10.9,0.26,1.31,0.09
2022,8,22,4.44,6.7,0.45,392.33,88.13,128.66,11.97,0.28,1.41,0.12
2022,8,23,5.55,6.81,0.57,374.26,105.88,128.26,13.83,0.32,1.61,0.19
2022,8,24,6.27,6.91,0.65,353.54,119.46,130.77,15.36,0.36,1.8,0.3
2022,8,25,6.36,6.73,0.66,357.84,119.86,126.51,15.3,0.35,1.78,0.3
2022,8,26,4.73,6.34,0.49,389.84,91.66,120.07,12.13,0.29,1.45,0.17
2022,8,27,5.71,6.76,0.6,369.43,108.86,127.7,14.21,0.33,1.63,0.19
2022,8,28,6.5,6.74,0.69,363.51,123.14,127.23,15.71,0.35,1.75,0.2
2022,8,29,5.4,6.5,0.58,397.51,105.79,126.16,13.88,0.33,1.66,0.15
2022,8,30,2.61,6.27,0.28,389.76,53.48,121.8,7.51,0.17,0.88,0.12
2022,8,31,6.12,6.81,0.66,341.09,116.2,128.43,15.06,0.33,1.66,0.13
2022,9,1,6.33,6.74,0.69,351.34,121.34,128.85,15.66,0.35,1.77,0.16
2022,9,2,5.79,6.62,0.63,364.01,111.13,126.46,14.62,0.34,1.71,0.14
2022,9,3,4.17,6.37,0.46,389.33,83.3,123.93,11.46,0.28,1.45,0.18
2022,9,4,2.9,6.39,0.32,394.12,59.71,125.3,8.61,0.22,1.13,0.14
2022,9,5,2.2,6.27,0.24,393.98,46.56,123.66,6.82,0.16,0.84,0.16
2022,9,6,3.49,6.25,0.39,393.41,69.93,121.66,9.59,0.23,1.18,0.13
2022,9,7,3.18,6.31,0.36,384.39,63.67,121.05,8.92,0.21,1.05,0.1
2022,9,8,4.9,6.32,0.55,361.11,94.05,120.15,12.33,0.27,1.35,0.27
2022,9,9,5.87,6.28,0.67,344.38,109.77,117.26,13.91,0.3,1.52,0.28
2022,9,10,3.28,6.01,0.38,358.37,65.55,113.43,8.98,0.2,1,0.1
2022,9,11,2.25,5.99,0.26,385.38,46.8,117.3,6.84,0.16,0.85,0.13
2022,9,12,3.73,5.94,0.44,381.12,73.52,114.28,10.02,0.24,1.24,0.11
2022,9,13,3.89,6.07,0.46,337.46,73.86,113.55,9.86,0.21,1.09,0.22
2022,9,14,4.64,5.87,0.55,336.77,87.16,108.96,11.23,0.24,1.22,0.23
2022,9,15,5.76,5.89,0.69,330.68,107.24,109.66,13.45,0.3,1.49,0.38
2022,9,16,5.02,5.47,0.61,343,93.26,101.16,11.61,0.26,1.3,0.28
2022,9,17,5.3,5.62,0.65,356.5,99.38,104.98,12.49,0.28,1.41,0.24
2022,9,18,4.82,5.6,0.59,360.98,91.12,105.39,11.59,0.26,1.3,0.12
2022,9,19,2.09,5.44,0.26,378.49,42.44,105.26,5.91,0.14,0.73,0.12
2022,9,20,5.3,5.73,0.66,340.13,99.2,107.03,12.59,0.27,1.35,0.38
2022,9,21,4.38,5.52,0.55,376.3,85.02,106.13,11.16,0.25,1.27,0.12
2022,9,22,3.37,5.63,0.43,353.17,64.04,105.7,8.66,0.2,1.05,0.2
2022,9,23,5.82,5.91,0.74,273.32,104.94,106.71,13.09,0.24,1.21,0.13
2022,9,24,4.91,5.69,0.63,325.05,91.73,105.86,11.91,0.25,1.26,0.16
2022,9,25,3.06,5.42,0.4,360.18,59.41,102.98,8.11,0.17,0.85,0.16
2022,9,26,4.09,5.45,0.54,331.48,75.81,100.38,9.84,0.18,0.91,0.17
2022,9,27,3.61,5.43,0.48,312.91,67.39,99.65,8.92,0.16,0.8,0.13
2022,9,28,2.65,5.39,0.35,324.89,51.36,100.02,7.09,0.12,0.63,0.11
2022,9,29,3.83,5.49,0.52,313.66,70.62,100.09,9.3,0.16,0.8,0.13
2022,9,30,3.41,5.52,0.46,297.73,64.26,99.66,8.76,0.17,0.88,0.1
2022,10,1,1.26,5,0.17,339.3,26.55,95.88,3.97,0.09,0.43,0.17
2022,10,2,2.58,4.98,0.36,326.22,50.58,94.3,7.09,0.16,0.8,0.16
2022,10,3,4.21,5.45,0.59,280.85,75.69,96.74,9.84,0.2,0.98,0.11
2022,10,4,2.76,5.19,0.39,316,52.79,95.79,7.3,0.15,0.73,0.12
2022,10,5,5.17,5.18,0.74,284.47,94.13,94.64,11.55,0.22,1.08,0.32
2022,10,6,3.4,4.89,0.49,313.89,64.42,90.95,8.41,0.17,0.88,0.21
2022,10,7,0.86,4.78,0.12,337.63,17.63,89.11,2.7,0.05,0.25,0.12
2022,10,8,3.29,5.11,0.48,285.41,58.84,91.41,7.75,0.13,0.68,0.12
2022,10,9,5.02,4.96,0.75,257.23,89.88,89.59,10.9,0.19,0.91,0.15
2022,10,10,4.52,4.77,0.68,290,82.17,87.14,10.12,0.16,0.8,0.16
2022,10,11,4.87,4.82,0.74,281.46,87.6,87.44,10.59,0.17,0.84,0.23
2022,10,12,3.1,4.42,0.48,331.94,58.34,81.93,7.71,0.13,0.67,0.13
2022,10,13,1.84,4.37,0.28,333.07,35.36,80.3,4.91,0.09,0.45,0.17
2022,10,14,4.05,4.71,0.63,277.03,72.79,84.75,9.12,0.15,0.72,0.13
2022,10,15,4.4,4.54,0.7,283.66,78.88,82.03,9.59,0.15,0.73,0.31
2022,10,16,3.41,4.51,0.55,306.09,62.69,82.45,8.06,0.13,0.67,0.2
2022,10,17,2.54,4.52,0.41,302.83,46.67,80.73,6.38,0.11,0.55,0.18
2022,10,18,1.65,4.49,0.27,315.99,31.29,80.45,4.52,0.07,0.37,0.2
2022,10,19,1.87,4.38,0.3,299.56,35.69,79.17,5.06,0.09,0.41,0.2
2022,10,20,4.13,4.43,0.69,261.4,72.98,78.81,8.98,0.14,0.7,0.21
2022,10,21,4.36,4.36,0.73,258.45,77.74,78.43,9.31,0.15,0.73,0.13
2022,10,22,4.35,4.32,0.74,267.31,77.43,77.5,9.24,0.16,0.82,0.17
2022,10,23,4.27,4.3,0.73,269.06,75.55,76.62,9.03,0.16,0.8,0.09
2022,10,24,4.13,4.08,0.72,287.49,74.74,74.57,8.86,0.16,0.77,0.24
2022,10,25,3.71,4.1,0.66,303.81,67.2,74.79,8.32,0.16,0.8,0.12
2022,10,26,0.83,3.71,0.15,342.6,16.64,69.15,2.45,0.05,0.27,0.16
2022,10,27,3.92,4.16,0.7,280.45,69.9,74.61,8.47,0.16,0.78,0.12
2022,10,28,3.01,4.12,0.55,259.59,53.64,72.74,6.95,0.12,0.65,0.1
2022,10,29,4.04,3.98,0.74,258.7,72.05,71.7,8.45,0.13,0.67,0.12
2022,10,30,2.92,3.86,0.55,284.54,53.26,70.12,6.8,0.12,0.59,0.12
2022,10,31,1.09,3.47,0.2,343.96,21.99,66.26,3.19,0.06,0.3,0.09
2022,11,1,1.31,3.54,0.25,348.48,25.62,66.34,3.67,0.07,0.34,0.16
2022,11,2,2.5,3.66,0.48,314.87,45.59,66.29,5.94,0.1,0.51,0.45
2022,11,3,3.53,3.49,0.69,301.73,65.79,65.66,7.7,0.12,0.62,0.25
2022,11,4,3.32,3.51,0.66,305.49,61.3,65.36,7.38,0.13,0.66,0.12
2022,11,5,2.41,3.38,0.48,349.39,45.82,64.01,5.88,0.12,0.59,0.16
2022,11,6,2.01,3.15,0.41,365.2,38.5,60.02,5,0.09,0.48,0.11
2022,11,7,3.57,3.51,0.73,276.41,64.7,64.44,7.49,0.12,0.62,0.12
2022,11,8,3.53,3.55,0.73,254.45,63.24,64.31,7.41,0.12,0.63,0.12
2022,11,9,3.45,3.48,0.72,257.5,61.16,62.51,7.11,0.12,0.6,0.12
2022,11,10,3.44,3.44,0.72,279.12,61.56,62.35,7.17,0.12,0.56,0.18
2022,11,11,0.77,3.04,0.16,356.71,15.45,59.16,2.34,0.05,0.22,0.11
2022,11,12,0.68,3.11,0.15,328.55,13.13,57.62,1.93,0.04,0.18,0.13
2022,11,13,1.4,3.3,0.3,302.25,25.6,58.39,3.57,0.06,0.31,0.15
2022,11,14,1.51,3.35,0.33,285.15,27.16,58.91,3.83,0.06,0.3,0.13
2022,11,15,0.65,3.02,0.14,287.43,12.8,54.93,1.91,0.03,0.16,0.12
2022,11,16,0.72,3.11,0.16,301.01,13.36,54.76,1.97,0.03,0.15,0.15
2022,11,17,1.18,3.12,0.27,300.62,21.37,54.63,3.01,0.05,0.22,0.18
2022,11,18,1.11,3.11,0.25,282.49,20.1,54.02,2.89,0.04,0.2,0.17
2022,11,19,2.66,3.21,0.61,240.76,45.65,55.27,5.58,0.05,0.28,0.19
2022,11,20,2.67,3.24,0.62,223.09,45.35,55.51,5.4,0.05,0.27,0.23
2022,11,21,3.1,3.12,0.73,220.91,53.55,54.66,6.11,0.07,0.35,0.16
2022,11,22,3.02,2.98,0.72,229.55,52.6,52.73,5.92,0.07,0.34,0.12
2022,11,23,2.95,2.91,0.7,235.72,51.38,51.55,5.78,0.07,0.35,0.48
2022,11,24,2.75,2.95,0.66,254.87,47.8,52.1,5.62,0.08,0.37,0.32
2022,11,25,1.27,2.75,0.3,287.36,22.89,49.11,3.01,0.04,0.2,0.14
2022,11,26,2.94,2.92,0.72,252.23,51.85,52.3,5.86,0.07,0.35,0.16
2022,11,27,0.81,2.4,0.2,331.06,15.66,44.62,2.16,0.03,0.15,0.18
2022,11,28,0.89,2.8,0.22,318.34,16.75,50.5,2.45,0.04,0.17,0.28
2022,11,29,1.38,2.68,0.34,305.31,25.34,47.73,3.47,0.04,0.2,0.29
2022,11,30,1.06,2.64,0.27,296.18,19.07,46.95,2.52,0.03,0.14,0.3
2022,12,1,2.11,2.9,0.54,252.98,36.38,50.07,4.46,0.05,0.22,0.42
2022,12,2,1.72,2.71,0.44,290.31,30.73,48.31,3.98,0.05,0.23,0.18
2022,12,3,1.26,2.48,0.33,310.01,22.87,44.62,2.95,0.03,0.17,0.3
2022,12,4,2.81,2.83,0.73,217.87,48.16,49.02,5.4,0.05,0.27,0.16
2022,12,5,2.68,2.76,0.7,233.56,45.45,47.35,5.16,0.05,0.23,0.18
2022,12,6,0.59,2.21,0.16,322.51,11.35,40.13,1.65,0.02,0.09,0.14
2022,12,7,1.18,2.23,0.31,346.65,22.12,40.82,2.97,0.04,0.18,0.23
2022,12,8,0.93,2.51,0.24,303.99,17.69,45.52,2.52,0.03,0.16,0.13
2022,12,9,2.65,2.63,0.7,237.45,45.9,46.26,5.12,0.05,0.28,0.23
2022,12,10,0.84,2.5,0.23,297.64,15.7,45.19,2.23,0.03,0.16,0.27
2022,12,11,0.57,2.25,0.15,316.42,10.55,38.95,1.54,0.02,0.09,0.21
2022,12,12,0.45,2.56,0.12,300.38,8.41,45.17,1.24,0.02,0.07,0.22
2022,12,13,2.59,2.69,0.7,241.07,44.38,46.7,5.05,0.05,0.26,0.27
2022,12,14,1.5,2.66,0.41,258.7,26.81,46.53,3.62,0.04,0.2,0.3
2022,12,15,0.51,2.25,0.14,299.95,9.58,41.05,1.38,0.02,0.09,0.47
2022,12,16,1.17,2.44,0.32,302.13,20.98,42.47,2.8,0.03,0.15,0.24
2022,12,17,1.03,2.56,0.28,291.72,18.33,44.87,2.52,0.03,0.15,0.38
2022,12,18,0.87,2.56,0.24,285.84,15.8,44.41,2.27,0.02,0.11,0.46
2022,12,19,0.62,2.62,0.17,288.7,11.2,45.11,1.6,0.02,0.06,0.45
2022,12,20,2.19,2.54,0.6,250.48,37.96,44.41,4.42,0.04,0.18,0.43
2022,12,21,2.39,2.54,0.66,234.94,41.34,44.3,4.73,0.04,0.21,0.4
2022,12,22,0.93,2.25,0.25,287.59,17.41,39.94,2.44,0.02,0.12,0.38
2022,12,23,1.73,2.67,0.48,225.91,29.61,45.2,3.55,0.02,0.14,1.06
2022,12,24,1.16,2.68,0.32,234.26,20.46,45.49,2.82,0.02,0.09,0.95
2022,12,25,0.87,2.67,0.23,255.05,15.62,45.67,2.23,0.02,0.09,0.71
2022,12,26,1.11,2.59,0.3,234.98,20.41,45.27,2.84,0.02,0.11,0.45
2022,12,27,0.55,2.57,0.15,261.99,10.29,45.02,1.52,0.02,0.06,0.36
2022,12,28,2.07,2.53,0.56,242.27,36.29,44.48,4.37,0.03,0.17,0.4
2022,12,29,2.21,2.57,0.59,270.7,39.09,45.77,4.59,0.05,0.23,0.43
2022,12,30,1.68,2.39,0.45,304.16,30.63,43.88,3.82,0.05,0.21,0.44
2022,12,31,0.58,2.27,0.16,321.23,11.39,42.12,1.68,0.02,0.11,0.41
2023,1,1,1.18,2.52,0.31,312.77,21.39,45.61,2.8,0.03,0.15,0.37
