YEAR,MO,DY,T2M,T2MDEW,T2MWET,TS,T2M_RANGE,T2M_MAX,T2M_MIN,QV2M,RH2M,PRECTOTCORR
2021,1,1,-1.02,-2.03,-1.52,-1.24,8.41,2.63,-5.78,3.42,93.69,13.35
2021,1,2,1.46,0.88,1.17,1.19,7.16,4.25,-2.91,4.21,94.44,1.14
2021,1,3,-0.07,-0.13,-0.1,-0.24,5.51,2.41,-3.1,3.91,97.56,5.79
2021,1,4,-0.56,-1.82,-1.19,-1.23,5.95,3.12,-2.83,3.42,91.75,0.47
2021,1,5,-0.76,-1.92,-1.35,-1.1,4.68,2.37,-2.31,3.36,92.56,0.19
2021,1,6,-0.99,-2.28,-1.63,-1.06,6.09,2.9,-3.2,3.3,91.81,0.04
2021,1,7,-1.41,-3.25,-2.33,-1.53,7.17,3.55,-3.62,3.05,89.62,0
2021,1,8,-2.85,-5.07,-3.95,-2.85,4.2,-0.24,-4.45,2.62,86.5,0
2021,1,9,-3.15,-5.41,-4.28,-3.26,11.19,3.23,-7.96,2.56,86.5,0
2021,1,10,-1.57,-4.55,-3.06,-2.69,9.08,3.31,-5.77,2.75,81.56,0
2021,1,11,-1.29,-3.56,-2.42,-1.49,8.37,4.32,-4.04,2.99,87,0
2021,1,12,-2.78,-5.36,-4.07,-2.79,7.45,2.23,-5.21,2.56,85.12,0
2021,1,13,-0.77,-2.31,-1.54,-0.79,9.13,4.17,-4.95,3.36,90.62,0
2021,1,14,1.55,-0.04,0.75,1.25,7.71,7.15,-0.56,3.91,90.12,0.05
2021,1,15,1.21,0.11,0.66,1.15,8.49,6.99,-1.5,3.97,92.75,1.97
2021,1,16,-0.99,-2.35,-1.67,-0.99,3.99,1.52,-2.47,3.3,91.56,1.16
2021,1,17,-0.07,-1.62,-0.85,-0.07,5.65,3.27,-2.38,3.48,90.38,1.99
2021,1,18,-1.27,-3.38,-2.32,-1.26,3.43,0.71,-2.72,3.05,86.62,0.69
2021,1,19,-1.22,-4.22,-2.72,-1.24,5.38,2.43,-2.95,2.81,81.81,0.07
2021,1,20,-3.62,-6.74,-5.18,-3.91,7.58,-0.8,-8.38,2.32,80.88,0.58
2021,1,21,-0.87,-3.64,-2.26,-0.95,13.05,5.14,-7.91,3.05,83.25,0.01
2021,1,22,-1.21,-4.71,-2.96,-1.25,5.84,1.65,-4.18,2.75,77.81,0.39
2021,1,23,-6.38,-10.99,-8.69,-6.46,6.23,-2.95,-9.18,1.59,71.62,0.06
2021,1,24,-5.49,-8.01,-6.75,-5.85,8.2,-1.41,-9.61,2.08,85,0.53
2021,1,25,-1.7,-3.17,-2.44,-1.95,6.11,1.43,-4.68,3.11,91.12,0.75
2021,1,26,1.25,0.44,0.84,1.15,6.32,4.66,-1.65,4.15,94.56,2.21
2021,1,27,-1.88,-5.56,-3.72,-1.82,5.31,1.07,-4.25,2.56,77,0.09
2021,1,28,-5.67,-9.62,-7.64,-5.67,5.25,-3.32,-8.58,1.77,74.75,0.14
2021,1,29,-7.13,-10.82,-8.97,-7.26,6.99,-3.46,-10.45,1.59,77.38,0.01
2021,1,30,-5.54,-9.4,-7.47,-5.77,11.7,0.29,-11.42,1.83,77.25,0
2021,1,31,-1.62,-3.92,-2.77,-1.6,5.23,1.56,-3.67,2.93,85.25,2.73
2021,2,1,-2.31,-4.25,-3.28,-2.27,4.29,0.12,-4.17,2.87,87.81,2.66
2021,2,2,-2.99,-6.13,-4.56,-2.95,4.6,-0.42,-5.02,2.44,80.75,0.78
2021,2,3,-2.7,-5.24,-3.98,-2.73,8.18,1.93,-6.26,2.62,84.81,0.03
2021,2,4,-3.35,-6.02,-4.68,-3.37,11.33,2.15,-9.18,2.5,84.38,1.07
2021,2,5,-0.87,-3.96,-2.42,-0.88,3.91,1.05,-2.86,2.99,80.25,0.76
2021,2,6,-4.74,-9.1,-6.92,-5.51,7.88,-0.66,-8.54,1.89,73.69,0
2021,2,7,-7.27,-10.13,-8.7,-7.67,8.95,-3.88,-12.84,1.77,82.94,0.09
2021,2,8,-6.97,-11.45,-9.21,-7.26,11.8,-0.68,-12.48,1.53,73.38,0.42
2021,2,9,-3.44,-5.15,-4.29,-3.52,8.4,0.81,-7.59,2.62,90.25,3.19
2021,2,10,-5.72,-8.13,-6.92,-5.85,5.88,-2.8,-8.67,2.08,85.44,1.54
2021,2,11,-5.29,-7.7,-6.49,-5.29,5.09,-2.23,-7.32,2.14,85.5,0.43
2021,2,12,-4.07,-6.42,-5.24,-4.15,9.49,1.01,-8.48,2.38,85.94,0.17
2021,2,13,-3.8,-5.33,-4.56,-3.84,5.87,-0.54,-6.4,2.56,91.31,0.46
2021,2,14,-4.1,-6.61,-5.35,-4.02,5.51,-1.36,-6.87,2.32,84.88,0.08
2021,2,15,-2.84,-4.46,-3.65,-2.75,5.21,0.05,-5.17,2.81,90.12,14.53
2021,2,16,-4.55,-5.37,-4.96,-4.64,11.47,0.15,-11.32,2.69,96.12,1.49
2021,2,17,-8.52,-10.23,-9.37,-8.56,8.44,-4.43,-12.87,1.71,90.25,0.81
2021,2,18,-4.31,-5.2,-4.76,-4.35,6.05,-1.01,-7.06,2.62,96,1.8
2021,2,19,-5.78,-6.74,-6.26,-6.37,6.7,-2.35,-9.06,2.32,96.06,0.38
2021,2,20,-9.11,-10.27,-9.69,-9.39,6.95,-5.93,-12.88,1.71,94.69,0.03
2021,2,21,-6.63,-7.67,-7.15,-9.08,13.41,-0.35,-13.75,2.2,93,0.1
2021,2,22,-0.24,-1.06,-0.65,-0.35,4.62,2.25,-2.37,3.66,94.69,2.89
2021,2,23,1.12,-0.07,0.52,0.96,7.7,5.58,-2.13,3.91,91.38,0.2
2021,2,24,4.98,2.76,3.87,4.89,16.29,14.32,-1.97,4.94,87.38,0.85
2021,2,25,0.72,-3.5,-1.39,0.72,9.68,6.88,-2.8,2.99,76.62,0.01
2021,2,26,0.71,-3.96,-1.63,0.55,11.2,6.05,-5.16,2.87,74.38,0.04
2021,2,27,4.94,3.05,4,4.05,8.88,10.37,1.48,4.88,87.62,0.74
2021,2,28,7.14,7.39,7.26,7.04,11.92,12.62,0.7,6.77,97.5,13.96
2021,3,1,3.4,-1.14,1.12,3.32,17.24,12.33,-4.9,3.97,74,3.11
2021,3,2,-2.49,-9.93,-6.21,-2.52,11.12,3.98,-7.14,1.77,59.44,0
2021,3,3,2.33,-2.1,0.11,2.3,15.08,11.33,-3.75,3.42,75.5,0
2021,3,4,-0.99,-4.55,-2.77,-0.93,8.85,3.08,-5.77,2.81,77.19,0.02
2021,3,5,-2.78,-7.92,-5.35,-2.61,8.48,2.03,-6.45,2.08,69.75,0
2021,3,6,-2.3,-6.6,-4.45,-2.27,9.01,2.87,-6.15,2.32,75.44,0
2021,3,7,-2.21,-8.31,-5.26,-2.7,13.47,5.47,-8.01,2.01,69.38,0
2021,3,8,1.4,-4.2,-1.39,1.19,18.38,10.58,-7.81,2.87,70.69,0.02
2021,3,9,7.64,4.62,6.13,7.28,16.12,16.83,0.7,5.43,82.75,0
2021,3,10,9.4,5.04,7.22,9.24,18.02,18.7,0.68,5.62,76.06,0.77
2021,3,11,13.02,10.23,11.62,12.87,7.84,17.07,9.23,8,83.62,6.6
2021,3,12,7.9,2.14,5.01,7.85,11.7,14.05,2.34,4.64,70.25,1.14
2021,3,13,0.73,-5.98,-2.63,0.82,15.66,9.2,-6.45,2.44,66.62,0
2021,3,14,2,-4.71,-1.35,2.06,15.96,10.62,-5.34,2.75,65.19,0
2021,3,15,-0.64,-8.09,-4.37,-0.44,13.76,6.81,-6.95,2.08,61.81,0.01
2021,3,16,5.87,3.69,4.78,5.88,11.43,11.79,0.36,5.19,86.5,0.16
2021,3,17,9.51,4.79,7.15,9.43,17.01,19.47,2.46,5.55,77.12,0.02
2021,3,18,6.4,5.01,5.7,6.38,6.82,8.72,1.9,5.68,90.69,25.95
2021,3,19,1.56,-6.18,-2.31,1.65,12.62,8.46,-4.16,2.44,59.88,0
2021,3,20,3.08,-3.6,-0.26,2.99,19.88,14,-5.88,2.99,69.06,0
2021,3,21,6.45,-1.32,2.56,6.45,21.7,18.01,-3.69,3.54,66.25,0
2021,3,22,8.39,0.7,4.55,8.42,20.66,19.34,-1.31,4.15,66.62,0
2021,3,23,10.44,6.05,8.24,10.44,16.7,18.48,1.78,6.1,76.88,0.07
2021,3,24,14.61,11.99,13.3,14.55,9.59,20.54,10.94,9.03,85.25,0.79
2021,3,25,15.31,13.11,14.21,15.23,12.41,21.3,8.88,9.7,85.19,0.23
2021,3,26,12.13,8.94,10.54,11.8,10.66,16.76,6.1,7.57,81.56,1.27
2021,3,27,11.6,7.84,9.73,11.58,14.98,18.72,3.74,6.84,79.38,0.01
2021,3,28,10.57,8.01,9.3,10.55,14.14,16.87,2.73,7.39,85.12,10.53
2021,3,29,4.8,-2.83,0.99,4.56,10.95,11.22,0.26,3.17,60.94,0.11
2021,3,30,11.22,4.47,7.84,11.25,20.45,20.64,0.19,5.49,67.12,0
2021,3,31,10.45,7.73,9.09,10.4,8.81,12.98,4.17,6.9,83.94,6.64
2021,4,1,-0.15,-4.81,-2.49,-0.01,8.44,3.27,-5.17,2.75,72.31,2.06
2021,4,2,-1.64,-8.39,-5.02,-1.55,11.02,4.81,-6.21,2.01,64.31,0
2021,4,3,2.91,-4.3,-0.7,2.74,16.38,10.91,-5.47,2.87,63.56,0
2021,4,4,8.87,3.01,5.94,8.84,16.52,17.95,1.42,4.82,71.06,0
2021,4,5,10.85,2.43,6.64,9.23,16.31,18.24,1.93,4.7,58.88,0.06
2021,4,6,15.08,9.49,12.29,14.77,17.85,24.65,6.8,7.69,73.31,0.05
2021,4,7,17.93,13.23,15.58,17.62,14.83,25.28,10.45,9.77,76.62,0.29
2021,4,8,16.62,12.65,14.63,16.56,8.63,21.37,12.74,9.4,79,0.66
2021,4,9,16.42,12.17,14.3,16.43,11.06,23.14,12.08,9.16,78.56,1.32
2021,4,10,17.47,12.9,15.19,17.49,15.02,25.4,10.38,9.64,77.38,9.84
2021,4,11,15.3,10.99,13.15,15.33,11.03,20.19,9.16,8.61,78.44,3.73
2021,4,12,10.05,8.09,9.08,10.08,6.67,13.48,6.81,6.96,88,2.66
2021,4,13,12.71,7.5,10.1,12.08,13.7,20.48,6.79,6.65,74.12,0.08
2021,4,14,11.7,6.61,9.15,11.58,10.87,17.63,6.76,6.23,74.19,0.65
2021,4,15,6.45,1.96,4.2,6.6,7.1,9.64,2.55,4.58,75.88,0.84
2021,4,16,5.94,2.46,4.2,6.09,7.78,10.19,2.42,4.7,80.25,0.42
2021,4,17,6.37,2.69,4.54,6.3,10.32,12.05,1.73,4.76,79.69,0.02
2021,4,18,9,3.69,6.34,7.98,13.5,15.95,2.45,5.13,73.38,0.35
2021,4,19,11.38,4.36,7.87,10.48,14.49,18.34,3.86,5.43,67.19,0.07
2021,4,20,10.23,4.66,7.44,10.33,15.64,18.4,2.76,5.55,71.38,0.1
2021,4,21,2.26,-3.56,-0.65,2.43,5.92,5.1,-0.82,3.05,66.94,1.25
2021,4,22,2.84,-3.51,-0.34,3.01,8.48,6.87,-1.61,3.05,66.5,0.36
2021,4,23,5.99,0.06,3.02,6.08,17.43,14.46,-2.96,3.91,70.56,0
2021,4,24,8.44,4.19,6.32,8.3,14.62,15.32,0.69,5.43,78.38,1.79
2021,4,25,9.23,4.83,7.04,9.13,14.88,16.02,1.14,5.62,76.38,0.48
2021,4,26,8.14,-0.37,3.89,8.07,19.79,17.62,-2.17,3.91,61.88,0
2021,4,27,17.07,11.71,14.39,17.11,19.05,26.33,7.28,9.03,73.94,0.29
2021,4,28,19.67,17.25,18.46,19.65,8.13,24.08,15.96,12.76,86.56,0.98
2021,4,29,16.79,15.8,16.3,16.75,10.87,21.19,10.33,11.84,93.88,15.77
2021,4,30,9.69,3.45,6.57,9.76,12.8,15.05,2.24,5.25,67.62,1.3
2021,5,1,8.9,-0.2,4.35,9.07,18.75,17.07,-1.69,3.97,59.12,0
2021,5,2,16.65,10.41,13.53,16.69,15.59,24.49,8.9,8.24,69.31,0
2021,5,3,16.65,15.31,15.98,16.68,8.11,20.88,12.77,11.35,91.81,10
2021,5,4,18.93,17.61,18.27,18.89,9.16,23.8,14.63,13.12,92.31,5.17
2021,5,5,11.48,7.31,9.4,11.52,10.71,15.62,4.9,6.71,77.5,7.87
2021,5,6,8.58,1.82,5.2,8.14,11.88,14.27,2.39,4.46,66.44,0.03
2021,5,7,7.5,3.48,5.49,7.07,8.02,12.11,4.1,5.07,77.19,2.15
2021,5,8,7.52,2.37,4.94,7.28,9.05,12.01,2.95,4.64,72.69,0.6
2021,5,9,6.96,5.15,6.05,6.8,11.83,14.08,2.25,5.86,88.56,29.47
2021,5,10,8.12,2.73,5.43,8.27,13.05,15.33,2.27,4.76,73,0.11
2021,5,11,7.94,1.44,4.69,7.9,12.48,14.16,1.69,4.33,67.69,0.08
2021,5,12,8.29,1.98,5.13,8.41,17.08,16.52,-0.56,4.46,69,0
2021,5,13,9.97,2.72,6.34,9.99,17.66,18.33,0.67,4.76,67.31,0
2021,5,14,12.47,3.54,8.01,11.9,16.8,20.46,3.65,5,60.62,0
2021,5,15,14.5,5.05,9.77,13.29,15.33,21.15,5.82,5.55,57,0
2021,5,16,14.67,8.1,11.39,14.54,11.78,21.4,9.62,6.9,68.56,0.01
2021,5,17,15.69,9.45,12.57,14.76,13.2,21.76,8.56,7.51,69.31,0.01
2021,5,18,18.49,9.24,13.87,16.98,18.18,27.05,8.87,7.39,58.69,0
2021,5,19,20.44,13.01,16.73,19.63,18.26,28.67,10.4,9.58,65.94,0
2021,5,20,21.7,14.69,18.2,21.16,14.72,28.65,13.94,10.62,67.25,0
2021,5,21,22.16,15.83,19,22.1,14.16,29.23,15.06,11.41,71.06,0
2021,5,22,20.41,15,17.71,20.43,9.48,25.29,15.81,10.8,73.38,0
2021,5,23,22.44,16.91,19.67,22.49,13.48,29.31,15.83,12.39,73.19,0.38
2021,5,24,21.66,18.69,20.17,21.65,9.05,26.64,17.59,13.79,84.81,5.21
2021,5,25,23.17,17.53,20.35,23.23,13.78,29.94,16.15,12.82,74.06,0.16
2021,5,26,22.73,18.02,20.37,22.78,10.96,28.86,17.9,13.24,77.5,5.28
2021,5,27,18.63,12.33,15.48,18.75,10.65,24.42,13.76,9.22,70.31,0.52
2021,5,28,16.1,12.73,14.42,16.21,10.35,21.26,10.9,9.58,81.25,14.73
2021,5,29,10.12,7.31,8.72,10.29,5.14,12.48,7.33,6.53,83.38,1.56
2021,5,30,11.8,7.13,9.47,11.67,7.34,15.57,8.24,6.41,75,0.19
2021,5,31,14.92,5.87,10.4,14.5,16.99,22.65,5.65,5.92,61.06,0.01
2021,6,1,16.6,9.53,13.06,16.01,12.34,22.52,10.18,7.57,66.25,0.04
2021,6,2,17.37,13.92,15.65,17.4,10.76,23.33,12.58,10.25,81.38,1.67
2021,6,3,18.85,17.04,17.94,18.89,6.41,22.61,16.19,12.51,89.81,3.14
2021,6,4,21.23,14.94,18.09,21.3,11.97,27.51,15.54,10.99,72,0.51
2021,6,5,23.38,15.74,19.56,23.43,13.8,30.56,16.76,11.47,66.56,0
2021,6,6,24.15,16.06,20.11,24.19,16.34,31.68,15.33,11.78,65.62,0
2021,6,7,24.69,19.8,22.25,24.75,12.09,31.9,19.8,14.83,77.25,1.82
2021,6,8,24.63,20.19,22.4,24.63,10.34,30.66,20.33,15.2,79.25,2.74
2021,6,9,23.48,18.95,21.21,23.44,9.23,28.87,19.65,14.1,78.75,6.71
2021,6,10,23.9,19.42,21.66,23.76,12.77,30.48,17.71,14.53,78.81,4.14
2021,6,11,20.78,17.83,19.3,20.87,7.09,24.3,17.21,13.18,84.5,3.19
2021,6,12,23.66,16.78,20.23,23.12,15.62,30.45,14.83,12.33,68.06,0.03
2021,6,13,24.06,18.74,21.4,23.96,12.59,30.63,18.05,13.98,74.94,8.74
2021,6,14,20.45,14.7,17.58,20.4,14.85,28.75,13.9,10.8,74,5.64
2021,6,15,18.4,11.32,14.86,18.54,12.88,24.95,12.08,8.61,67.12,0.18
2021,6,16,16.37,5.37,10.87,16.3,15.35,24.17,8.83,5.74,53.56,0
2021,6,17,18.28,5.86,12.07,17.67,17.38,26.87,9.48,6.04,48.62,0
2021,6,18,21.41,14.26,17.83,21.52,15.21,28.38,13.17,10.68,66.19,1.08
2021,6,19,23.39,19,21.19,23.41,7.92,27.62,19.69,14.22,78,2.02
2021,6,20,25.62,20.2,22.91,25.69,10.95,31.1,20.15,15.32,74.56,0.75
2021,6,21,23.73,20.48,22.11,23.74,10.38,28.32,17.93,15.69,83.06,23.37
2021,6,22,16.3,9.21,12.76,16.19,10.52,21.21,10.69,7.75,67,2.4
2021,6,23,17.44,7.32,12.38,17.01,17.15,25.16,8.01,6.59,55.12,0
2021,6,24,20.63,12.4,16.51,20.72,16.12,28.09,11.98,9.22,62.12,0.01
2021,6,25,22.47,15.03,18.75,22.57,13.85,28.76,14.9,10.99,65.38,0
2021,6,26,24.13,17.27,20.7,24.21,11.72,30.42,18.7,12.57,67.69,0
2021,6,27,25.85,18.18,22.01,25.94,13.81,32.61,18.8,13.37,66.12,0
2021,6,28,27.73,18.88,23.31,27.82,15.36,35.38,20.02,13.98,63.81,0.4
2021,6,29,28.44,19.76,24.1,28.52,14.12,35.55,21.42,14.71,63.88,0.46
2021,6,30,24.69,20.35,22.52,24.76,10.22,30.87,20.65,15.32,78.88,18.15
2021,7,1,21.35,19.6,20.48,21.4,6.59,23.98,17.38,14.71,90.25,23.7
2021,7,2,18.29,12.57,15.43,18.43,8.88,22.73,13.85,9.4,72.19,0.81
2021,7,3,19.15,12.08,15.62,19.2,12.75,25.77,13.02,9.09,67.75,0.09
2021,7,4,22.21,14.39,18.3,21.64,15.87,29.76,13.89,10.56,63.56,0.03
2021,7,5,24.89,17.23,21.05,24.9,15.41,32.01,16.59,12.63,66.5,0
2021,7,6,26.4,19,22.7,26.35,13.25,33.13,19.88,14.1,67.12,0.01
2021,7,7,25.99,19.8,22.89,25.99,12.05,32.33,20.28,14.83,71.81,6.64
2021,7,8,22.93,20.25,21.58,22.94,7.6,27.14,19.53,15.32,86.12,10.86
2021,7,9,21.75,17.55,19.65,21.83,12.93,27.69,14.76,13,79.38,4.4
2021,7,10,20.22,12.26,16.23,20.17,14.19,27.38,13.19,9.16,64.88,0.04
2021,7,11,22.8,18.89,20.84,22.9,10.86,28.36,17.5,14.34,79.5,10.79
2021,7,12,24.67,21.62,23.15,24.72,9.23,29.83,20.6,16.6,84.88,3.46
2021,7,13,24.81,20.34,22.58,24.87,8.8,30.1,21.3,15.32,78.44,2.62
2021,7,14,24.91,18.6,21.76,24.64,10.3,30.25,19.94,13.73,70.88,0.82
2021,7,15,25,18.69,21.85,25.09,12.18,31.15,18.97,13.79,71.06,0.23
2021,7,16,24.51,20.31,22.41,24.59,10.14,29.63,19.49,15.32,79.5,13.99
2021,7,17,22.73,20.24,21.48,22.79,12.6,29.04,16.44,15.26,87.31,10.28
2021,7,18,21.05,16.02,18.54,21.12,12.38,27.83,15.44,11.66,76.19,0.64
2021,7,19,22.48,16.07,19.27,22.08,13.51,28.82,15.32,11.72,70.38,0.03
2021,7,20,23.97,17.6,20.79,23.39,12.04,30.12,18.08,12.94,70.56,0.41
2021,7,21,21.67,16.28,18.98,21.76,12.21,26.99,14.77,11.96,74.5,0.55
2021,7,22,19.95,11.83,15.89,19.95,14.23,27.21,12.98,8.85,65,0
2021,7,23,22.23,12.28,17.26,21.87,15.36,29.28,13.92,9.16,58.19,0
2021,7,24,23.73,14.85,19.29,23.49,12.77,30.69,17.91,10.86,60.12,0.05
2021,7,25,25.08,17.94,21.51,25.12,14.46,32.69,18.23,13.37,66.62,0.08
2021,7,26,25.07,15.3,20.19,25.05,14.32,33.01,18.69,11.29,60.88,0.01
2021,7,27,25,13.79,19.4,24.62,16.12,33.28,17.16,10.19,55,0
2021,7,28,25.08,16.15,20.62,24.48,13.03,31.69,18.65,11.78,61,0.35
2021,7,29,23.51,18.47,20.99,23.17,10.82,29.01,18.19,13.79,74.94,3.77
2021,7,30,22.12,14.81,18.46,22.23,12.67,28.65,15.98,10.99,67.88,0.02
2021,7,31,20.19,9.45,14.82,19.95,15.12,27.8,12.68,7.69,56.5,0
2021,8,1,20.39,12.89,16.64,20.47,13.67,27.82,14.15,9.58,65.69,1.35
2021,8,2,19.69,11.39,15.54,19.74,14.71,27.55,12.83,8.67,65,0.08
2021,8,3,21.12,10.87,16,20.76,15.77,28.19,12.43,8.36,56.62,0.03
2021,8,4,22.2,13.41,17.8,21.98,15.1,29.6,14.5,9.83,61.62,0.89
2021,8,5,24.11,13.59,18.85,23.17,14.94,31.16,16.23,9.95,56.38,0.03
2021,8,6,25.19,14.16,19.67,24.33,16.29,32.55,16.26,10.38,53.81,0.02
2021,8,7,24.82,15.74,20.28,24.26,11.16,30.88,19.73,11.47,59.75,0.52
2021,8,8,25,17.21,21.11,24.76,14.26,32.4,18.15,12.57,65.12,0.83
2021,8,9,26.85,16.37,21.61,26.89,16.62,35.13,18.51,11.96,57.81,0.19
2021,8,10,25.63,20.61,23.12,25.69,10.78,31.35,20.57,15.56,75.56,6.26
2021,8,11,25.8,21.5,23.65,25.86,9.64,31.32,21.69,16.48,79.19,8.91
2021,8,12,26.58,21.97,24.27,26.62,10.98,32.81,21.83,16.97,79,10.55
2021,8,13,24.93,22.66,23.8,24.97,7.09,28.76,21.68,17.64,88.12,7.55
2021,8,14,23.69,17.2,20.44,23.77,11.67,29.93,18.26,12.82,71.44,3.13
2021,8,15,21.76,14.59,18.18,21.9,12.55,28.55,16.01,10.62,65.75,0.05
2021,8,16,21.44,18.47,19.95,21.33,7.52,25.51,18.01,13.79,83.62,3.71
2021,8,17,22.72,21.19,21.95,22.68,5.2,25.4,20.2,16.11,91.44,10.16
2021,8,18,21.95,21.39,21.67,21.98,3.83,23.97,20.13,16.36,96.56,32.32
2021,8,19,22.59,19.73,21.16,22.03,7.55,26.26,18.72,14.77,84.88,1.68
2021,8,20,23.35,17.61,20.48,22.57,12.41,29.45,17.05,12.94,72.81,0.13
2021,8,21,24.57,15.33,19.95,23.05,12.73,30.41,17.69,11.23,60.12,0.04
2021,8,22,24.3,16.34,20.33,23.26,13.43,30.44,17.01,12.08,63.31,0.01
2021,8,23,24.89,19.23,22.06,24.91,13.45,32.23,18.79,14.34,73.88,0.35
2021,8,24,25.8,16.09,20.94,24.79,14.7,33.27,18.58,11.78,59.12,0.05
2021,8,25,26.51,17.93,22.22,26.17,15.75,34.46,18.71,13.24,63.06,2.71
2021,8,26,26.63,19.98,23.3,26.42,12.59,33.08,20.48,15.01,71.12,2.16
2021,8,27,26.47,19.64,23.05,26.29,13.09,33.17,20.08,14.65,70,0.17
2021,8,28,27.29,19.67,23.48,26.9,13.7,33.9,20.21,14.65,66.38,0.92
2021,8,29,26.01,20.44,23.23,26.11,12.76,33.05,20.28,15.38,74.75,8.46
2021,8,30,24.12,20.73,22.43,24.19,8.61,29.54,20.93,15.75,83.12,1.68
2021,8,31,22.73,19.69,21.21,22.56,9.22,28.1,18.88,14.83,84.56,25.83
2021,9,1,18.93,16.51,17.72,18.99,9.16,22.51,13.36,12.27,86.5,28.33
2021,9,2,16.23,10.32,13.27,16.15,13.62,23.6,9.98,8.06,71.88,0.03
2021,9,3,17.05,10.49,13.77,16.09,14.8,23.66,8.87,8.18,67.75,0.14
2021,9,4,19.11,13.8,16.45,19.15,13.59,25.98,12.39,10.13,74.38,0.47
2021,9,5,19.87,16.98,18.42,19.8,11.57,26.25,14.68,12.57,84.56,6.24
2021,9,6,17.93,13.05,15.49,17.94,13.12,24.99,11.87,9.7,75.94,0.04
2021,9,7,19.95,15.37,17.65,19.97,15.48,27.65,12.18,11.29,77.12,0.02
2021,9,8,18.75,16.02,17.38,18.8,8.33,23.45,15.12,11.78,85,6.47
2021,9,9,16.95,12.32,14.64,16.95,11.45,23.3,11.84,9.22,77.19,0.68
2021,9,10,16.9,10.69,13.8,16.05,13.12,23.18,10.05,8.24,69.88,0.06
2021,9,11,17.24,11.47,14.35,17.26,14.21,24.68,10.46,8.67,72.25,0
2021,9,12,21.36,15.65,18.5,21.4,12.7,28.22,15.51,11.35,72.12,0
2021,9,13,22.15,18.15,20.15,22.17,9.23,27.55,18.31,13.31,79.38,0.03
2021,9,14,22.96,18.09,20.53,23,12.39,29.53,17.15,13.31,76.56,0.04
2021,9,15,20.68,17.93,19.3,20.7,10.02,25.91,15.9,13.24,84.94,2.67
2021,9,16,20.41,15.97,18.19,20.51,13.89,27.68,13.79,11.6,78.5,0.01
2021,9,17,23.18,18.3,20.74,23.15,12.37,30.19,17.82,13.43,76.56,0.03
2021,9,18,23.03,17.12,20.08,23.02,13.53,30.61,17.08,12.45,73.12,0.02
2021,9,19,21.15,13.66,17.41,21.2,13.82,29.08,15.26,10.07,66.81,0.01
2021,9,20,22.12,15.69,18.91,22.19,15.45,30.51,15.07,11.41,69.19,0.51
2021,9,21,20.41,15.35,17.88,20.47,9.51,26.03,16.52,11.17,74.88,2.63
2021,9,22,21.23,18.09,19.66,21.26,14.26,28.87,14.61,13.49,84.31,25.28
2021,9,23,13.9,8.28,11.08,14.01,6.59,17.83,11.25,7.14,71.44,0.92
2021,9,24,14.69,7.38,11.04,14.73,13.52,22.4,8.87,6.59,66.06,0
2021,9,25,13.8,8.33,11.07,13.73,12.68,21.64,8.96,7.08,72.44,0.21
2021,9,26,14.5,6.44,10.47,14.47,15.39,22.48,7.09,6.16,64.56,0.01
2021,9,27,18.1,10.23,14.16,18.15,15.78,26.84,11.07,8.06,63.12,0.12
2021,9,28,18.25,14.08,16.17,18.25,14.08,24.62,10.53,10.5,78.75,4.93
2021,9,29,14.72,7.33,11.02,14.48,14.36,22.63,8.27,6.59,65.94,0
2021,9,30,13.35,7.62,10.49,13.32,15.18,21.79,6.62,6.65,73.12,0
2021,10,1,14.01,6.78,10.4,13.14,15.72,22.46,6.74,6.29,66.56,0
2021,10,2,14.4,7.84,11.12,13.94,17.63,23.41,5.78,6.77,69.06,0.04
2021,10,3,18.6,15.08,16.84,18.64,11.4,24.76,13.37,11.23,80.81,3.25
2021,10,4,20.05,16.84,18.44,19.3,7.95,25.01,17.07,12.33,83.38,3.12
2021,10,5,19.76,15.49,17.63,19.26,13.06,27.12,14.06,11.23,79.38,0.04
2021,10,6,19.5,17.55,18.52,19.52,8.83,23.92,15.09,12.76,88.06,0
2021,10,7,20.56,17.26,18.91,20.55,11.02,27.23,16.2,12.57,83.12,0.48
2021,10,8,19.89,16.26,18.08,19.83,11.51,26.19,14.69,11.84,81.69,1.99
2021,10,9,18.29,15.33,16.81,18.32,7.62,22.94,15.33,11.17,84.25,2.6
2021,10,10,18.74,14.28,16.51,18.79,11.77,25.84,14.07,10.44,78.06,0.04
2021,10,11,19.37,14.56,16.97,19.43,13.67,26.8,13.12,10.62,76.56,0
2021,10,12,19.36,15.01,17.18,19.4,13.52,27.12,13.6,10.93,78.69,0.01
2021,10,13,18.69,13.88,16.28,17.78,11.86,24.95,13.09,10.19,75.69,0.01
2021,10,14,19.33,15.12,17.23,19.27,15.7,27.9,12.2,11.11,79.5,0
2021,10,15,21.01,17.26,19.13,21.03,11.88,28.37,16.49,12.7,81.44,1.57
2021,10,16,14.76,10.72,12.74,14.8,8.13,17.4,9.26,8.67,78.31,7.85
2021,10,17,10.25,3.98,7.12,10.33,8.52,15.29,6.77,5.19,67.5,0.48
2021,10,18,10,3.54,6.76,10.03,12.64,17.6,4.96,5,68.31,0.02
2021,10,19,11.46,4.15,7.8,11.28,18.23,21.51,3.28,5.25,66.06,0
2021,10,20,13.41,7.2,10.3,13.44,16.14,22.37,6.23,6.47,70.31,0
2021,10,21,14.67,10.7,12.69,14.69,13.77,23.26,9.49,8.36,79.19,5.89
2021,10,22,10.11,8.8,9.46,10.16,4.09,12.29,8.19,7.26,91.62,3.09
2021,10,23,8.26,6.78,7.51,7.98,5.16,10.57,5.4,6.29,90.81,2.01
2021,10,24,10.84,9.36,10.1,10.81,13.53,18.08,4.55,7.63,90.94,9.24
2021,10,25,14.75,10.71,12.73,14.73,9.85,21.25,11.4,8.3,79.69,0.64
2021,10,26,9.3,6.52,7.91,9.35,4.76,11.85,7.09,6.35,83.69,2.32
2021,10,27,9.69,7.79,8.74,9.73,7.55,14.32,6.76,6.77,87.38,0.11
2021,10,28,12.08,8.17,10.13,12.15,11.95,18.51,6.56,7.02,79,0.72
2021,10,29,11.55,9.86,10.7,11.55,5.45,14.04,8.58,7.93,89.56,23.55
2021,10,30,10.58,9.07,9.83,10.44,6.94,14.57,7.64,7.51,90.69,1.82
2021,10,31,11.56,8.35,9.96,11.58,5.84,15.11,9.27,7.08,82.12,0.9
2021,11,1,7.51,1.87,4.69,7.53,8.62,12.09,3.48,4.52,70.69,0.04
2021,11,2,5.01,-0.53,2.24,5.08,8.98,9.59,0.61,3.78,71.12,0.06
2021,11,3,2.87,-2.15,0.37,2.9,10.95,8.7,-2.25,3.3,72.75,0.01
2021,11,4,2.4,-3.58,-0.59,1.76,11.03,8.17,-2.86,2.99,69.12,0
2021,11,5,1.87,-2.63,-0.38,1.27,13.72,9.97,-3.75,3.17,75.75,0
2021,11,6,3.23,-3.1,0.07,2.29,17.59,13.03,-4.56,3.05,69.06,0
2021,11,7,4.91,-1.29,1.81,3.69,18.37,14.77,-3.6,3.6,69.06,0
2021,11,8,8.32,4.08,6.19,7.12,17.05,18.45,1.4,5.25,77.44,0
2021,11,9,10.06,6.22,8.14,10.05,15.66,18.93,3.26,6.1,79.44,0.01
2021,11,10,9.65,5.19,7.42,9.53,10.95,16.69,5.74,5.68,76.12,0
2021,11,11,12.56,7.14,9.85,12.54,11.89,18.49,6.6,6.53,71.06,2.83
2021,11,12,8.91,3.11,6.01,8.87,10.08,13.58,3.51,5,70.19,4.99
2021,11,13,3.12,-0.24,1.44,3.17,3.85,4.84,0.99,3.91,79.31,1.53
2021,11,14,1.25,-0.59,0.33,1.32,4.22,4.28,0.05,3.78,87.94,4.73
2021,11,15,1.5,-1.79,-0.15,1.53,7.44,5.05,-2.38,3.42,80.5,1.12
2021,11,16,1.21,-1.69,-0.24,0.87,12.67,8.26,-4.42,3.42,82.25,0.02
2021,11,17,10.51,7.82,9.16,10.53,18.64,19.48,0.84,7.02,84.62,0.04
2021,11,18,8.08,4.67,6.37,8,11.08,12.69,1.61,5.74,79.19,4.03
2021,11,19,0.34,-5.05,-2.35,-0.24,6.48,3.97,-2.52,2.62,67.56,0.02
2021,11,20,0.58,-3.36,-1.39,0.57,10.81,6.23,-4.58,2.99,76.81,0
2021,11,21,3.26,1.15,2.2,3.26,5.36,5.33,-0.03,4.27,86.5,1.28
2021,11,22,1.51,-4.27,-1.38,1.51,8.35,5.48,-2.87,2.99,67.56,0.06
2021,11,23,-2.45,-7.14,-4.79,-2.58,9.07,3.07,-6,2.2,73.88,0
2021,11,24,0.05,-4.77,-2.36,0.04,12.95,8.02,-4.93,2.69,72.75,0
2021,11,25,4.65,1.74,3.19,4.65,8.38,8.46,0.08,4.52,81.81,2.43
2021,11,26,-0.79,-4.63,-2.71,-0.8,8.14,4.54,-3.6,2.81,75.81,0.92
2021,11,27,-1.21,-5.69,-3.45,-1.14,7.31,3.58,-3.73,2.5,73.62,0.51
2021,11,28,1.12,-1.42,-0.16,1.12,7.2,5.76,-1.44,3.54,84.38,0.77
2021,11,29,-0.1,-3.2,-1.64,-0.13,5.96,3.93,-2.03,3.05,81.38,0.33
2021,11,30,2.14,-0.87,0.64,2.14,10.12,8.08,-2.04,3.72,82,0.52
2021,12,1,2.88,0.87,1.87,2.89,8.57,7.34,-1.23,4.21,88,2.57
2021,12,2,9.15,6.96,8.06,9.06,10.13,13.06,2.93,6.47,86.56,1.84
2021,12,3,2.7,-0.49,1.11,2.01,7.97,6.99,-0.97,3.78,80.62,0.42
2021,12,4,1.57,-2.11,-0.27,0.8,12.14,8.94,-3.2,3.36,79.56,0.02
2021,12,5,3.73,-2.16,0.79,3.69,13.19,9.76,-3.42,3.36,68.56,0
2021,12,6,6.14,1.61,3.87,6.03,15.03,13.08,-1.95,4.88,73.19,6.9
2021,12,7,-2.96,-7.72,-5.34,-2.91,5.48,-0.51,-5.99,2.14,71.25,0.01
2021,12,8,-2.35,-5.91,-4.13,-2.34,4.32,0.16,-4.17,2.5,77.75,0.13
2021,12,9,-0.63,-3.85,-2.24,-0.74,7.05,3.07,-3.99,2.93,80.25,0
2021,12,10,6.27,4.52,5.4,6.12,12.19,12.91,0.73,5.49,88.75,2.19
2021,12,11,10.48,7.76,9.12,10.33,16.54,17.23,0.69,7.57,83.88,10.22
2021,12,12,0.72,-4.3,-1.79,0.69,10.38,6.84,-3.54,2.81,72.94,0.02
2021,12,13,1.19,-3.44,-1.13,1.15,13.12,9.38,-3.74,2.99,75.69,0
2021,12,14,3.12,-0.12,1.5,2.52,13.39,11.05,-2.35,3.85,81.62,0
2021,12,15,7.42,1.67,4.55,7.33,7.97,10.98,3.01,4.39,67.5,0.01
2021,12,16,12.25,7.18,9.71,12.12,8.57,17.22,8.65,6.77,71.94,1.39
2021,12,17,3.3,-1.25,1.02,2.9,8.93,6.8,-2.14,3.6,74.06,1.2
2021,12,18,5.7,4.73,5.22,5.69,9.49,11.83,2.33,5.68,93.5,9.99
2021,12,19,-0.87,-4.13,-2.5,-0.91,8.79,2.69,-6.1,2.87,80,0.18
2021,12,20,-1.95,-5.72,-3.83,-2.4,10.61,5.02,-5.59,2.5,79.12,0
2021,12,21,-1.02,-4.1,-2.56,-1.18,11.23,6.56,-4.67,2.87,83.5,0
2021,12,22,-2.12,-6.77,-4.45,-2.08,6.13,0.83,-5.31,2.38,73.44,0
2021,12,23,-1.25,-6.23,-3.74,-1.18,8.32,3.12,-5.2,2.44,70.88,0.02
2021,12,24,5.91,4.04,4.98,5.78,7.92,10.09,2.16,5.31,88,1.26
2021,12,25,10.97,10.28,10.62,10.83,9.56,15.32,5.76,8.24,95.44,18.81
2021,12,26,3.05,-0.41,1.32,2.9,9.58,8.3,-1.27,3.85,80.81,0.48
2021,12,27,4.09,3.57,3.83,4.03,11.55,10.92,-0.63,5.31,94.94,10.75
2021,12,28,4.35,2.07,3.21,4.19,8.38,8.03,-0.35,4.58,85.88,10.47
2021,12,29,6.12,5.36,5.74,6.01,5.27,9.48,4.2,5.74,94.62,1.24
2021,12,30,6.19,5.53,5.86,5.52,6.93,10.61,3.67,5.86,95.19,0.14
2021,12,31,7.94,7.8,7.87,7.8,4.39,9.94,5.55,6.84,97.69,0.57
2022,1,1,10.3,10.36,10.33,10.08,5.77,12.8,7.02,8.18,99.12,20.34
2022,1,2,1.51,-0.75,0.38,1.51,10.32,6.55,-3.77,3.85,85.56,0.82
2022,1,3,-4.13,-8.71,-6.42,-4.02,4.18,-1.14,-5.32,1.95,71.88,0
2022,1,4,-1.89,-5.29,-3.6,-1.83,9.41,3.8,-5.6,2.62,80.56,0
2022,1,5,1.89,-1.7,0.1,1.8,10.58,7.72,-2.87,3.54,77.44,0
2022,1,6,-4.54,-9.49,-7.01,-4.4,4.4,-2.13,-6.52,1.83,68.81,3.21
2022,1,7,-7.91,-11.35,-9.63,-7.85,3.65,-5.78,-9.43,1.53,77.75,0.46
2022,1,8,-5.59,-8.74,-7.17,-5.83,10.77,0.33,-10.43,1.95,81.44,0.03
2022,1,9,0.48,-1.38,-0.45,0.34,8.42,2.76,-5.67,3.6,87.69,14.56
2022,1,10,-7.12,-11.37,-9.24,-7.17,5.55,-4.61,-10.15,1.53,72.75,0.07
2022,1,11,-8.12,-13.56,-10.84,-8.06,6.32,-4.38,-10.7,1.28,65.19,0.01
2022,1,12,-1.26,-3.96,-2.61,-1.35,12.34,5.23,-7.13,2.99,83.19,0.01
2022,1,13,0.78,0.41,0.6,0.15,6.92,4.77,-2.14,4.03,96.19,0.37
2022,1,14,-0.93,-3.45,-2.2,-0.98,8.16,2.15,-6.02,3.05,83.75,0.69
2022,1,15,-8.63,-13.28,-10.95,-8.77,5.95,-5.3,-11.24,1.28,70.56,0
2022,1,16,-7.22,-10.65,-8.94,-7.24,9.02,-2.38,-11.4,1.71,79.31,6.95
2022,1,17,-4.1,-5.24,-4.67,-4.13,2.11,-2.77,-4.88,2.69,94.06,5.84
2022,1,18,-4.45,-6.01,-5.24,-4.57,7.62,-0.74,-8.36,2.44,91.38,0.12
2022,1,19,0.01,-0.99,-0.49,-0.12,8.93,3.27,-5.65,3.66,93.62,0.39
2022,1,20,-6.34,-9.63,-7.99,-6.64,9.92,-2.17,-12.09,1.83,79,0.07
2022,1,21,-11.78,-14.33,-13.06,-12.93,9.28,-6.29,-15.57,1.16,84,0
2022,1,22,-10.13,-12.59,-11.35,-11.01,12.86,-3.67,-16.52,1.4,83.69,0
2022,1,23,-5.44,-6.85,-6.14,-5.54,7.68,-1.93,-9.61,2.32,92.5,4.29
2022,1,24,-6.39,-7.4,-6.9,-7.37,8.12,-2.89,-11.02,2.26,94.31,1.96
2022,1,25,-6.13,-8.18,-7.16,-6.7,8.35,-3.13,-11.49,2.08,87.5,0.33
2022,1,26,-10.95,-13.17,-12.06,-12.95,7.41,-8.17,-15.58,1.28,85.88,0.05
2022,1,27,-8.55,-10.36,-9.45,-9.52,15.84,-1.24,-17.07,1.83,87.75,0.32
2022,1,28,-5.81,-7.04,-6.42,-5.99,9.68,-3.28,-12.96,2.26,93.88,0.94
2022,1,29,-13.15,-14.85,-14,-13.98,10.91,-7.5,-18.42,1.16,89.44,0.01
2022,1,30,-9.77,-11.09,-10.42,-11.33,11.34,-4.22,-15.56,1.65,92.25,0.02
2022,1,31,-5.64,-7.24,-6.44,-6.25,11.82,1.12,-10.7,2.26,90.81,0
2022,2,1,-2.27,-4.45,-3.37,-2.44,13.89,5.31,-8.58,2.87,87.31,0
2022,2,2,0.72,-0.58,0.07,0.54,7.68,4.56,-3.13,3.78,91.75,5.5
2022,2,3,0.12,-0.13,0,-0.04,5.68,1.86,-3.82,3.91,98.12,37.03
2022,2,4,-6.5,-7.13,-6.81,-6.55,6.52,-4.52,-11.04,2.26,98.81,6.5
2022,2,5,-11.88,-12.54,-12.21,-12.86,9.7,-7.18,-16.88,1.4,98.31,0.14
2022,2,6,-9.27,-9.85,-9.56,-9.87,17.48,-0.55,-18.02,1.95,98.31,0
2022,2,7,-4.84,-5.33,-5.08,-5.32,9.57,0.3,-9.28,2.69,98.81,0
2022,2,8,-7.56,-8.35,-7.96,-7.93,7.62,-3.95,-11.56,2.01,97.69,0.04
2022,2,9,-0.74,-1.49,-1.12,-1.02,9.55,3.28,-6.27,3.54,95.88,0.11
2022,2,10,-0.03,-1.3,-0.67,-0.35,8.02,3.43,-4.6,3.54,91.5,0.03
2022,2,11,2.4,0.65,1.53,2.11,14.98,10.11,-4.88,4.27,88.94,0.38
2022,2,12,0.05,-2.85,-1.4,0.02,6.77,2.23,-4.55,3.23,81.44,0.59
2022,2,13,-4.73,-10.14,-7.44,-4.52,5.43,-1.79,-7.22,1.71,66.56,0.17
2022,2,14,-8.2,-12.17,-10.19,-8.12,4.86,-5.52,-10.38,1.4,75,0.08
2022,2,15,-5.51,-9.81,-7.67,-6.28,13.69,1.73,-11.96,1.77,75.44,0
2022,2,16,3.35,1.2,2.28,3.2,15.62,10.78,-4.84,4.39,87.44,0
2022,2,17,11.48,10.23,10.86,11.23,6.84,14.02,7.19,8.12,92.06,33.59
2022,2,18,-3.32,-7.39,-5.36,-3.24,9.56,3.5,-6.06,2.26,75.62,1.34
2022,2,19,-5.27,-9.63,-7.45,-5.2,8.44,-1.26,-9.7,1.83,73.06,0.21
2022,2,20,-1.88,-6.92,-4.4,-1.95,17.08,6.36,-10.71,2.32,72.12,0
2022,2,21,5.37,2.01,3.69,5.14,14.2,13.75,-0.45,4.58,80.38,0
2022,2,22,10.44,9.73,10.08,10.27,11.02,14.33,3.31,7.93,95.19,15.07
2022,2,23,3.53,-0.39,1.57,3.53,17.34,13.89,-3.45,4.21,76.5,0.39
2022,2,24,-0.46,-4.33,-2.39,-0.27,9.35,5.26,-4.09,2.81,76.38,7.67
2022,2,25,-1.43,-3.27,-2.35,-1.46,8.24,1.83,-6.41,3.11,88.06,20.95
2022,2,26,-3.72,-6.95,-5.34,-3.86,7.45,0.99,-6.47,2.26,79.94,0.13
2022,2,27,-1.05,-4.01,-2.52,-1.17,11.58,4.92,-6.66,2.93,82.88,0
2022,2,28,-0.67,-5.59,-3.13,-1.13,9.88,4.69,-5.19,2.56,72.75,0
2022,3,1,2.85,1.36,2.11,2.73,10.78,9.96,-0.82,4.33,89.81,1.22
2022,3,2,3.81,0.84,2.33,3.68,12.69,9.85,-2.84,4.21,83,2.45
2022,3,3,-1.32,-6.04,-3.68,-1.22,11.23,4.6,-6.62,2.5,73,1.22
2022,3,4,-1.29,-7.56,-4.42,-1.33,12,5.48,-6.52,2.14,66.94,0
2022,3,5,6.33,3.86,5.09,6.3,17.21,15.83,-1.38,5.49,85.12,0
2022,3,6,14.94,12.95,13.94,14.73,9.22,19.51,10.3,9.58,87.69,3.43
2022,3,7,10.69,9,9.84,10.38,19.09,18.82,-0.27,7.87,89.25,13.68
2022,3,8,1.16,-3.4,-1.12,1.12,8.85,6.16,-2.69,2.99,74.81,0.04
2022,3,9,0.83,-0.48,0.17,0.68,7.99,4.87,-3.12,3.78,90.12,6.98
2022,3,10,2.69,-1.78,0.46,1.89,12.1,9.58,-2.52,3.42,75.94,0.09
2022,3,11,4.11,1.12,2.61,3.62,14.29,11.98,-2.31,4.39,82.69,0.78
2022,3,12,-5.1,-9.56,-7.34,-4.94,6.66,-0.9,-7.56,1.89,71.69,2.15
2022,3,13,-3.37,-7.7,-5.53,-3.21,12.25,1.92,-10.33,2.26,72.44,0.05
2022,3,14,3.44,1.29,2.37,3.37,13.3,11.4,-1.9,4.27,87.19,0
2022,3,15,6.43,5.24,5.83,6.3,15.92,15.7,-0.22,5.74,90.38,0.02
2022,3,16,11.28,7.81,9.55,9.87,15.3,19.83,4.53,6.77,81.44,0.09
2022,3,17,12.5,8.85,10.67,11.51,13.51,19.52,6.01,7.32,79.56,0.09
2022,3,18,13.1,9.75,11.42,12.44,15.68,20.54,4.86,7.81,81.5,1.3
2022,3,19,12.05,9.4,10.73,12.01,10.92,17.12,6.21,7.69,84.69,1.38
2022,3,20,4.92,1.66,3.29,4.91,9.94,10.17,0.23,4.39,80.62,1.2
2022,3,21,7.51,2.47,4.98,6.62,17.99,16.23,-1.76,4.7,73.62,0
2022,3,22,7.25,4.34,5.8,6.92,9.02,12.01,2.98,5.37,82.06,0.42
2022,3,23,8.96,5.89,7.43,8.94,8.34,13.15,4.81,6.23,81.06,12.38
2022,3,24,10.53,7.11,8.82,10.55,9.99,15.54,5.55,6.53,81.25,0.55
2022,3,25,5.38,3.24,4.31,5.46,6.51,9.08,2.56,4.94,86.5,0.8
2022,3,26,1.9,-0.71,0.59,1.98,4.94,4.13,-0.81,3.78,83.31,1.38
2022,3,27,-2.54,-7.04,-4.79,-2.38,4.79,-0.18,-4.97,2.26,73,0.86
2022,3,28,-4.93,-10.97,-7.95,-4.74,4.3,-2.7,-7.01,1.59,63.81,0.1
2022,3,29,-1.9,-8.73,-5.31,-2.18,15.93,5.57,-10.36,1.95,64.75,0
2022,3,30,7.84,4.52,6.18,7.87,18.65,17.37,-1.27,5.8,80.62,0.6
2022,3,31,14.09,10.92,12.51,13.99,14.84,19.79,4.94,8.73,82.31,3.36
2022,4,1,2.89,-0.53,1.18,2.94,8.69,5.88,-2.81,3.78,79.69,1.08
2022,4,2,3.62,-3.06,0.28,2.86,14.97,10.49,-4.48,3.11,65.88,0
2022,4,3,3.01,0.19,1.6,2.95,8.48,6.77,-1.7,3.97,83.06,1.49
2022,4,4,2.73,0.26,1.49,2.37,10.66,8.42,-2.23,3.97,84.19,0.69
2022,4,5,7.9,6.1,7,7.93,14.12,14.37,0.26,6.16,88.25,4.01
2022,4,6,10.84,9.08,9.96,10.84,9.27,15.48,6.21,7.51,89.38,9.41
2022,4,7,9.17,5.55,7.36,9.22,11.84,15.8,3.96,5.86,80.88,11.62
2022,4,8,5.23,2.93,4.08,5.3,6.32,8.66,2.34,4.88,86.06,2.07
2022,4,9,3.94,1.76,2.85,4.03,7.45,7.5,0.06,4.46,86.69,1.97
2022,4,10,3.9,-0.34,1.79,3.62,10.43,10.27,-0.15,3.85,76.62,0.37
2022,4,11,8.94,7.03,7.98,9.01,16.52,16.48,-0.03,6.84,88.38,6.26
2022,4,12,14.06,9.06,11.56,13.85,12.86,20.61,7.75,7.39,75.75,4.23
2022,4,13,17.43,14.2,15.81,17.4,12.09,23.85,11.76,10.5,82.56,0.04
2022,4,14,12.39,6.76,9.57,12.37,9.01,15.73,6.72,6.77,71.25,0.86
2022,4,15,11.26,3.7,7.48,11.3,15.31,17.91,2.6,5.13,63.25,0
2022,4,16,9.72,6.61,8.16,9.73,12.21,15.22,3.01,6.29,81.31,4.15
2022,4,17,3.55,-2.78,0.38,3.69,9.7,9.5,-0.2,3.17,67.31,0.12
2022,4,18,1.77,-0.41,0.69,1.9,5.32,4.15,-1.17,3.78,86.12,13.67
2022,4,19,2.28,-0.27,1.01,2.37,6.18,5.33,-0.85,3.85,84.19,1.96
2022,4,20,6.04,-0.44,2.8,6.05,16.76,14.13,-2.63,3.78,68.5,0.02
2022,4,21,10.49,9.23,9.86,10.49,9.9,15.38,5.49,7.51,90.31,4.65
2022,4,22,11.76,6.38,9.07,11.78,15.11,19.04,3.93,6.1,73.88,0.13
2022,4,23,17.44,12.34,14.89,17.39,18.28,27.21,8.94,9.4,74.94,0.01
2022,4,24,20.12,16.08,18.1,20.07,13.08,27.15,14.07,11.72,80.25,0
2022,4,25,19.93,16.48,18.2,19.9,12.95,26.68,13.73,12.08,81.94,2.73
2022,4,26,10.81,6.87,8.84,10.87,9.21,13.76,4.55,6.47,77.94,2.04
2022,4,27,3.59,-1.84,0.87,3.74,9.47,7.83,-1.64,3.42,69.75,0.05
2022,4,28,3.63,-3.41,0.11,3.8,17.22,12.58,-4.64,3.05,66.31,0
2022,4,29,6.94,-2.18,2.38,6.79,20.83,17.05,-3.77,3.36,60.5,0
2022,4,30,9.8,2.99,6.39,9.71,18.2,19.22,1.02,4.88,68.06,0.15
2022,5,1,14.32,13.02,13.67,14.35,12.78,21.07,8.29,9.89,91.88,14.29
2022,5,2,13.8,9.39,11.59,13.33,10.91,18.94,8.03,7.57,77.12,0.27
2022,5,3,15.25,12.78,14.01,15.09,10.57,19.5,8.93,9.7,86.31,11.63
2022,5,4,14.09,12.27,13.19,14.1,7.66,16.95,9.3,9.22,89.19,14.73
2022,5,5,13.51,9.27,11.4,13.59,13.94,20.92,6.99,7.51,78.94,0.55
2022,5,6,13.05,12.36,12.7,13.09,5.82,15.69,9.87,9.34,95.5,37.84
2022,5,7,9.69,7.15,8.42,9.75,10.23,14.23,4,6.53,85.06,12.87
2022,5,8,9.99,3.87,6.93,10.05,15.83,17.77,1.95,5.25,70.81,0.01
2022,5,9,12.26,5.88,9.07,12.29,16.33,20.55,4.23,5.92,69.94,0.04
2022,5,10,13.94,6.53,10.23,13.94,18.11,23.3,5.2,6.23,67.19,0
2022,5,11,15.94,8.65,12.3,15.73,18.64,25.11,6.47,7.2,66.81,0
2022,5,12,17.57,11.73,14.65,17.16,16.46,25.41,8.96,9.09,71.94,0
2022,5,13,19.57,16.41,17.99,19.62,12.12,25.72,13.59,11.96,83.06,0.57
2022,5,14,20.04,16.54,18.29,20.06,11.79,25.98,14.19,12.08,82.12,1.69
2022,5,15,20.23,16.5,18.37,20.05,12.11,26.4,14.3,12.15,81.06,1.59
2022,5,16,16.46,13.75,15.1,16.51,6.69,19.17,12.48,10.25,85.19,9.43
2022,5,17,14.28,8.79,11.54,14.25,12.07,20.62,8.55,7.26,73,0.04
2022,5,18,13.97,9.14,11.55,13.42,13.12,19.43,6.31,7.63,75,4.08
2022,5,19,18.39,15,16.69,18.42,11.67,24.36,12.69,11.05,82.88,0.35
2022,5,20,20.73,18.46,19.59,20.76,8.66,24.37,15.72,13.85,87.31,3.22
2022,5,21,23.69,20.24,21.97,23.69,10.25,28.95,18.7,15.26,82.5,0.77
2022,5,22,19.04,16.36,17.7,19.05,14.05,26.17,12.12,12.21,85.44,2.96
2022,5,23,13.55,9.32,11.44,13.68,7.23,17.48,10.26,7.45,77.31,0.04
2022,5,24,15.76,12.03,13.89,15.88,10.41,20.7,10.3,8.97,80,0.07
2022,5,25,17.57,12.84,15.21,17.65,11.95,23.31,11.37,9.46,75.94,0
2022,5,26,19.98,16.86,18.41,20.03,11.3,26.14,14.83,12.45,83.19,3.77
2022,5,27,19.67,15.33,17.5,19.68,9.3,24.52,15.23,11.29,79.19,14.57
2022,5,28,17.6,14.14,15.87,17.26,7.52,21.8,14.27,10.38,81.69,2
2022,5,29,19.57,14.93,17.25,19.06,14.82,26.26,11.44,10.93,76.5,0.02
2022,5,30,22.15,17.4,19.77,22.19,14.59,28.99,14.4,12.82,77.25,0
2022,5,31,23.34,19.23,21.29,23.37,12.78,29.58,16.8,14.34,80,0
2022,6,1,23.99,20.44,22.21,24.03,9.86,28.82,18.96,15.5,82.19,7.98
2022,6,2,20.12,16.79,18.45,20.16,10.5,23.85,13.35,12.45,82.44,9.86
2022,6,3,17.31,11.12,14.22,17.01,13.68,23.48,9.8,8.48,70.31,0.02
2022,6,4,16.51,9.19,12.85,16.54,12.62,22.78,10.16,7.51,66.69,0.01
2022,6,5,17.36,9.87,13.62,17.33,17.09,26.07,8.98,7.87,66,0
2022,6,6,19.36,14.73,17.05,19.44,14.62,26.42,11.8,10.93,77.19,1.61
2022,6,7,19.57,17.01,18.29,19.65,8.78,24.87,16.08,12.57,85.94,14.5
2022,6,8,19.52,14.47,17,19.55,13.39,25.83,12.44,10.74,76.19,11.46
2022,6,9,16.65,13,14.83,16.72,8.06,20.12,12.05,9.7,80.88,3.5
2022,6,10,18.01,11.53,14.76,17.43,12.83,23.58,10.75,8.73,68.62,0.01
2022,6,11,18.24,12.76,15.5,18.27,11.16,23.84,12.68,9.52,73,0.07
2022,6,12,20.77,17.33,19.05,20.85,11.89,26.45,14.56,12.88,82.38,1.56
2022,6,13,24.53,20.23,22.38,24.27,11.96,29.81,17.84,15.32,78.88,1.94
2022,6,14,24.03,21.19,22.61,23.9,6.82,27.65,20.83,16.24,85.38,5.08
2022,6,15,24.93,21.81,23.37,24.96,11.6,31.55,19.94,16.85,84.5,0.26
2022,6,16,25.77,22.6,24.19,25.79,9.34,30.98,21.65,17.64,83.94,0.72
2022,6,17,23.52,17.52,20.52,23.53,10.59,27.41,16.82,13.18,71.62,0.1
2022,6,18,15.75,7.33,11.54,15.85,11.46,20.8,9.35,6.59,59.62,0
2022,6,19,14.99,6.74,10.87,14.76,15.13,22.1,6.97,6.29,61.94,0
2022,6,20,17.15,10.22,13.68,16.9,10.97,23.53,12.56,8,65.56,0.12
2022,6,21,22.49,16.03,19.26,22.56,15.73,30.68,14.94,11.72,69.81,0
2022,6,22,25.48,21.11,23.3,25.49,12.48,32.21,19.74,16.24,78.12,5.03
2022,6,23,22.02,13.17,17.59,21.61,10.49,27.36,16.87,9.83,61.5,0.03
2022,6,24,21.73,13.19,17.46,21.42,16.91,30.76,13.85,9.7,63.81,0
2022,6,25,24.29,14.34,19.31,23.96,20.32,34.12,13.81,10.56,59.62,0
2022,6,26,22.77,19.87,21.32,22.83,8.18,26.17,17.99,14.95,84.5,10.9
2022,6,27,20.33,12.44,16.39,20.28,11.51,25.72,14.21,9.46,65.38,0.55
2022,6,28,19.33,9.37,14.35,18.47,15.2,25.95,10.76,7.51,56.62,0
2022,6,29,21.01,9.95,15.48,20.58,17.41,28.97,11.55,7.81,54.25,0
2022,6,30,22.97,10.6,16.79,22.76,18.48,31.73,13.24,8.24,50.62,0
2022,7,1,25.09,17.98,21.54,25.16,16.05,32.56,16.51,13.43,67.62,3.4
2022,7,2,24.48,17.18,20.83,24.54,12.51,30.81,18.3,12.76,67.94,6.57
2022,7,3,22.98,12.38,17.68,22.97,13.86,29.9,16.05,9.22,56.06,0
2022,7,4,23.92,12.74,18.33,24.03,17.7,32.09,14.4,9.4,55.44,0
2022,7,5,23.57,19.91,21.74,23.65,10.13,28.63,18.5,15.2,80.44,7.17
2022,7,6,24.85,21.68,23.26,24.9,9.21,30.13,20.92,16.72,84.5,9.06
2022,7,7,24.48,18.09,21.28,24.38,12.38,30.8,18.42,13.37,71,0.06
2022,7,8,23.2,15.22,19.21,23.26,13.62,30.4,16.78,11.11,64.94,0.25
2022,7,9,22.58,15.58,19.08,22.65,11.89,28.82,16.94,11.35,67.06,0.3
2022,7,10,22.8,13.41,18.11,22.83,16.27,30.58,14.31,9.89,59.38,0.1
2022,7,11,24.37,14.19,19.27,24.47,15.2,32.02,16.83,10.44,56.25,0
2022,7,12,25.83,16.57,21.2,25.89,13.52,33.04,19.51,12.21,59.06,0.47
2022,7,13,23.87,15.22,19.55,23.73,13.2,30.94,17.75,11.17,62.81,2.41
2022,7,14,22.07,14.32,18.19,22.14,12.93,28.98,16.05,10.5,66.44,0.32
2022,7,15,22.86,10.93,16.89,22.33,16.55,30.37,13.81,8.36,52.5,0
2022,7,16,21.49,15.47,18.48,21.33,10.88,27.9,17.03,11.35,70.06,5.15
2022,7,17,21.99,19.86,20.93,22.07,7.77,26.22,18.45,14.89,88.38,10.5
2022,7,18,22.45,20.43,21.44,22.5,6.22,26.27,20.05,15.5,89.19,12.81
2022,7,19,24.94,18.44,21.69,24.99,13.34,31.64,18.3,13.67,71.38,0.32
2022,7,20,26.35,18.73,22.54,26.44,13.74,32.53,18.8,14.04,66.75,2.18
2022,7,21,25.9,19.51,22.71,25.96,10.65,31.46,20.81,14.83,71.69,3.11
2022,7,22,26.13,17.87,22,26.19,13.55,33.09,19.55,13.18,64.62,0.29
2022,7,23,25.3,16.76,21.03,25.14,15.91,34.04,18.13,12.27,64.94,1.08
2022,7,24,25.88,20.12,23,25.96,13.91,33.59,19.69,15.14,74.44,7.9
2022,7,25,24.58,18.25,21.41,24.63,11.58,29.94,18.37,13.61,70.81,11.12
2022,7,26,22.3,14.84,18.57,22.4,13.53,28.9,15.37,10.86,66.75,0.43
2022,7,27,23.44,19.67,21.55,23.55,11.29,28.94,17.65,14.77,81.12,0.5
2022,7,28,25.64,19.11,22.37,25.7,10.45,31.19,20.74,14.4,70.44,2.22
2022,7,29,22.94,17.49,20.22,22.8,9.91,27.72,17.81,12.88,73.5,5.62
2022,7,30,23.08,13.12,18.1,22.4,15.31,30.33,15.02,9.64,57.19,0.01
2022,7,31,20.64,15.63,18.13,20.33,10.11,26.61,16.5,11.41,74.62,0.8
2022,8,1,23,17.76,20.38,22.76,14.23,29.83,15.6,13.18,75.75,2.77
2022,8,2,24.33,17.83,21.08,24.4,12.46,30.8,18.34,13.24,71.12,1.07
2022,8,3,25.73,16.98,21.36,25.78,18.62,34.51,15.89,12.45,63.44,0.01
2022,8,4,26.8,20.69,23.74,26.87,12.22,33.98,21.76,15.69,73.12,7.66
2022,8,5,25.19,21.35,23.27,25.19,8.7,30.1,21.4,16.3,81.75,9.58
2022,8,6,24.1,21.01,22.55,24.18,7.67,28.55,20.88,15.93,84.19,3.2
2022,8,7,26.12,21.48,23.8,26.2,10.37,32.17,21.8,16.42,78.38,4.87
2022,8,8,26.14,21.38,23.76,26.22,11.03,32.37,21.33,16.36,77.94,3.06
2022,8,9,24.87,21.01,22.94,24.95,9.88,29.78,19.9,15.99,80.81,3.08
2022,8,10,22.94,18.12,20.53,23.07,11.23,28.94,17.71,13.37,76.69,0.42
2022,8,11,20.8,13.21,17.01,20.81,14.32,27.62,13.3,9.77,63.88,1.13
2022,8,12,19.84,9.67,14.76,19.97,13.95,27.78,13.83,7.75,58.19,0.11
2022,8,13,20.48,6.91,13.69,19.69,17.41,28.3,10.88,6.41,47.69,0.01
2022,8,14,19.71,10.58,15.14,19.08,12.32,26.09,13.77,8.24,58.19,0.49
2022,8,15,19.5,14.76,17.13,19.4,11.11,24.64,13.52,10.8,76.25,0.33
2022,8,16,20.5,14.67,17.58,20.58,11.88,27.55,15.68,10.74,73.5,2.78
2022,8,17,19.7,14.51,17.11,19.57,11.38,26.3,14.94,10.62,75.81,2.38
2022,8,18,21.86,12.87,17.37,20.72,14.76,29.24,14.48,9.52,61.81,0.22
2022,8,19,23.01,12.36,17.68,22.78,17.3,31.24,13.94,9.28,57.44,0
2022,8,20,24.24,16.97,20.6,24.3,16.1,32.65,16.55,12.45,68.81,7.77
2022,8,21,21.33,19.47,20.4,21.41,8.09,26.08,18,14.53,89.88,21.64
2022,8,22,22.19,18.27,20.23,22.27,9.41,27.48,18.07,13.55,81,7.39
2022,8,23,21.83,16.22,19.03,21.79,11.42,28.19,16.76,11.84,74.06,0.52
2022,8,24,23.26,13.71,18.48,21.87,13.14,29.69,16.55,10.07,59.12,1.52
2022,8,25,23.51,15.12,19.31,23.09,15.83,31.09,15.26,11.11,62.88,0.7
2022,8,26,23.29,17.58,20.43,23.29,12.59,29.81,17.23,12.94,73.5,1.22
2022,8,27,22.69,15.4,19.05,22.51,13.62,29.9,16.28,11.23,68.38,0.07
2022,8,28,24.12,15.31,19.72,23.98,17.47,32.94,15.47,11.17,63.25,0
2022,8,29,25.93,19.41,22.67,26,13.27,33.21,19.94,14.53,70.38,7.18
2022,8,30,21.74,19.65,20.69,21.76,7.67,24.87,17.19,14.89,88.62,9.73
2022,8,31,20.43,13.23,16.83,20.53,12.45,27.08,14.63,9.83,67.88,0.41
2022,9,1,21.37,13.83,17.6,21.33,16.07,29.71,13.65,10.13,66.06,0
2022,9,2,22.12,14.5,18.31,22.12,16.59,30.62,14.02,10.62,66.19,0.01
2022,9,3,22.76,17.33,20.05,22.45,13.28,30.26,16.98,12.63,73.38,4.44
2022,9,4,22.76,19.44,21.1,22.56,8.09,26.91,18.83,14.53,83.19,11.04
2022,9,5,21.7,20.07,20.88,21.6,6.68,26.05,19.37,15.14,91.12,7.35
2022,9,6,21.62,18.58,20.1,21.62,9.23,27.03,17.8,13.73,84.62,3.17
2022,9,7,20.4,16.3,18.35,20.51,10.79,26.59,15.8,11.9,79.75,1.58
2022,9,8,20.83,15.29,18.06,20.4,12.12,27.49,15.37,11.17,73.44,0.13
2022,9,9,21.43,14.83,18.13,21.11,14.98,29.14,14.16,10.8,69.94,0.01
2022,9,10,18.82,13.34,16.08,18.9,10.27,24.26,13.98,9.77,72.5,4.97
2022,9,11,20.13,18.23,19.19,20.14,8.19,25.08,16.89,13.49,89.62,13.23
2022,9,12,21.23,17.01,19.12,21.26,13.88,27.61,13.73,12.63,79.5,5.16
2022,9,13,16.15,10.9,13.53,16.01,10.55,21.92,11.37,8.42,73.88,0.06
2022,9,14,17.62,13.14,15.38,17.48,16.12,25.84,9.72,9.7,77.5,0
2022,9,15,18.19,11.81,15,17.33,13.23,25.3,12.06,8.79,70,0
2022,9,16,18.97,13.2,16.08,18.54,16.72,27.62,10.9,9.64,72.75,0
2022,9,17,20.4,14.87,17.64,20.16,15.05,28.62,13.57,10.8,73.69,0
2022,9,18,20.98,15.11,18.05,21.04,13.01,27.9,14.9,10.99,72.38,0.05
2022,9,19,20.16,17.27,18.72,20.2,9.55,25.53,15.98,12.76,84.38,9.57
2022,9,20,20.01,13.24,16.63,18.9,13.02,26.78,13.76,9.77,69.06,0.13
2022,9,21,22.01,16.39,19.2,21.96,14.51,30.64,16.13,12.08,73.38,0.96
2022,9,22,16.19,11.09,13.64,16.24,9.7,20.12,10.42,8.91,74.38,9.19
2022,9,23,11.65,3.26,7.46,11.77,12.18,18.23,6.05,4.94,60.12,0
2022,9,24,13.63,5.82,9.73,13.67,15.92,21.46,5.54,6.04,64.5,0.34
2022,9,25,15.87,11.83,13.86,15.93,11.09,22.98,11.9,8.97,80,6.72
2022,9,26,14.36,8.59,11.48,14.43,9.97,19.71,9.74,7.32,72.56,1.46
2022,9,27,10.84,7.07,8.95,10.94,9.23,16.54,7.3,6.47,79.94,1.62
2022,9,28,10.19,8.54,9.37,10.28,8.48,15.43,6.94,7.08,89.88,2.5
2022,9,29,11.12,6.71,8.91,11.17,12.18,18.62,6.44,6.23,77.94,0.13
2022,9,30,10.07,4.69,7.38,10.17,11.8,15.99,4.19,5.43,72.69,0
2022,10,1,10.59,8.23,9.41,10.64,3.7,12.59,8.89,6.96,85.38,16.51
2022,10,2,12.19,8.4,10.3,12.21,10.89,18.4,7.51,7.02,79.31,1.69
2022,10,3,9.05,2.98,6.01,9.11,16.38,17.88,1.5,4.88,71.69,0
2022,10,4,9.54,3.6,6.57,9.51,11.24,15.98,4.73,5.07,70.19,0.02
2022,10,5,13.28,5.25,9.26,11.92,18.65,22.39,3.75,5.68,63.06,0.01
2022,10,6,12.69,7.23,9.96,12.15,14.34,20.7,6.36,6.53,71.81,0
2022,10,7,10.05,6.48,8.26,10.08,8.3,14.28,5.98,6.16,79.5,0.25
2022,10,8,7.47,1.58,4.52,7.55,11.23,13.99,2.76,4.39,70.38,0.03
2022,10,9,7.42,-0.06,3.68,7.47,15.7,16.23,0.52,3.91,63.75,0
2022,10,10,10.26,3.17,6.71,10.19,17.16,19.68,2.51,4.88,66.12,0
2022,10,11,12.44,5.4,8.92,12.19,16.99,21.8,4.8,5.68,67.12,0
2022,10,12,14.94,10.88,12.9,14.97,12.96,21.2,8.24,8.54,77.44,1.9
2022,10,13,13.15,8.11,10.63,13.08,12.73,17.48,4.75,7.45,74.75,11.88
2022,10,14,8.67,1.3,4.99,8.74,14.83,16.76,1.93,4.33,64.25,0
2022,10,15,10.97,1.22,6.09,10.45,11.55,17.43,5.88,4.27,52.38,0
2022,10,16,10.57,2.19,6.38,10.38,16.02,18.95,2.94,4.64,60.19,0.01
2022,10,17,7.92,0.51,4.22,7.96,7.23,10.87,3.63,4.33,62.56,0.11
2022,10,18,4.51,-0.17,2.17,4.61,5.55,7.8,2.25,3.91,72.75,1.25
2022,10,19,3.55,1.66,2.61,3.63,5.18,6.44,1.26,4.39,87.88,3.47
2022,10,20,3.73,-4.44,-0.35,3.64,12.07,10.64,-1.44,2.81,60.56,0.03
2022,10,21,7.68,-0.99,3.35,7.72,17.94,17.65,-0.29,3.72,58.25,0
2022,10,22,10.94,3.78,7.37,10.76,18.48,21.76,3.28,5.13,66.56,0
2022,10,23,11.28,4.21,7.74,11.26,19.55,22.64,3.08,5.25,68.19,0
2022,10,24,13.8,9.9,11.84,13.2,17.24,23.65,6.41,7.81,78.44,0
2022,10,25,14.12,8.71,11.41,14.03,14.61,22.44,7.83,7.26,72.81,0.04
2022,10,26,11.84,9.16,10.5,11.82,9.21,16.87,7.65,7.51,84.19,6.74
2022,10,27,7.65,1.86,4.76,7.69,12.33,14.75,2.43,4.46,71.31,0.03
2022,10,28,6.05,0.33,3.19,6.08,11.27,12.79,1.52,3.97,69.62,0
2022,10,29,8.02,3.09,5.56,8,17.76,18.54,0.78,4.82,73.88,0
2022,10,30,7.99,3.81,5.9,7.95,15.77,16.61,0.84,5.25,77.12,0.03
2022,10,31,12.05,11.22,11.63,12.06,11.83,18.19,6.37,8.67,94.25,6.47
2022,11,1,13.77,12.15,12.96,13.58,9.54,19.12,9.58,9.03,89.88,0.45
2022,11,2,11.8,8.43,10.11,10.18,10.73,18.31,7.58,7.02,81.56,0.12
2022,11,3,12.11,8.62,10.36,11.69,15.3,21.17,5.87,7.14,79.69,0.02
2022,11,4,13.94,9.07,11.51,13.94,14.88,22.22,7.33,7.39,74.19,0
2022,11,5,18.85,13.78,16.32,18.82,12.91,24.8,11.88,10.19,73.5,0.13
2022,11,6,19.5,16.27,17.89,19.43,9.11,23.98,14.87,11.9,82.44,0.91
2022,11,7,11.5,2.34,6.92,11.45,14.78,18.98,4.19,4.76,59.06,0
2022,11,8,6.23,0.71,3.48,6.27,12.78,14.23,1.44,4.03,71.5,0
2022,11,9,7.42,-2.12,2.65,7.45,18.26,18.29,0.03,3.3,55.81,0
2022,11,10,10.25,3.87,7.05,10.01,18.4,20.71,2.32,5.19,69.06,0
2022,11,11,14.17,13.68,13.92,14.12,8.02,17.98,9.98,10.25,96.62,53.74
2022,11,12,6.3,3.44,4.87,6.32,11.74,12.35,0.61,5.13,82.81,5.71
2022,11,13,1.33,-2.31,-0.49,1.41,6.59,4.76,-1.83,3.3,78.38,0.58
2022,11,14,0.37,-4.04,-1.84,0.3,9.95,6.48,-3.48,2.87,76.38,0.01
2022,11,15,0.38,-1.76,-0.69,0.5,9.8,5.94,-3.87,3.42,87.19,6.58
2022,11,16,1.33,-0.88,0.23,1.38,4.62,3.37,-1.24,3.66,86,1.31
2022,11,17,-0.39,-4.35,-2.37,-0.33,5.62,3.01,-2.61,2.81,75.25,0.12
2022,11,18,-2.61,-6.84,-4.72,-2.59,5.83,0.62,-5.2,2.26,73.38,0.48
2022,11,19,-3.02,-9.18,-6.1,-3.02,6.69,0.76,-5.92,1.89,63.38,0.01
2022,11,20,-4.67,-11.58,-8.13,-4.7,4.64,-2.06,-6.7,1.53,58.44,0.01
2022,11,21,-2.25,-7.74,-4.99,-2.28,14.18,5.34,-8.84,2.14,69.12,0
2022,11,22,0.4,-3.31,-1.46,0.33,11.5,8.22,-3.28,2.99,79.81,0
2022,11,23,2.25,-1.47,0.39,0.65,14.19,11.09,-3.1,3.48,78.81,0
2022,11,24,3.05,0.24,1.64,2.42,14.92,12.32,-2.6,4.03,83.75,0
2022,11,25,4.87,2.37,3.62,4.8,11.23,9.45,-1.78,4.7,85.5,3.69
2022,11,26,2.44,-0.7,0.87,2.35,14.77,11.29,-3.49,3.72,81.81,0.09
2022,11,27,8.16,6.68,7.42,8.14,12.59,14.98,2.4,6.53,90.38,13.27
2022,11,28,4.9,2.29,3.59,4.01,6.5,7.9,1.4,4.64,83.94,1.46
2022,11,29,4.77,3.23,4.01,4.33,12.46,10.8,-1.66,4.94,88.62,2.1
2022,11,30,4.22,-0.11,2.05,4.15,12.56,10.31,-2.25,4.27,74.5,7.65
2022,12,1,-2.63,-8.13,-5.38,-3.1,6.87,1.78,-5.1,2.01,66.81,0.04
2022,12,2,1.69,-2.96,-0.63,1.73,14.34,9.23,-5.11,3.17,73.75,0
2022,12,3,5.56,2.43,4,5.46,15.55,11.43,-4.12,4.88,81.56,6.61
2022,12,4,-2.8,-6.44,-4.62,-2.77,9.7,3.76,-5.95,2.38,79.56,0.03
2022,12,5,0.19,-4.24,-2.02,0.2,14.28,8.99,-5.29,2.87,76.44,0
2022,12,6,5.68,5.11,5.4,5.64,8.2,9.9,1.71,5.74,95.25,1.82
2022,12,7,9.56,8.96,9.26,9.31,7.35,14.58,7.23,7.32,95.75,4.89
2022,12,8,4.7,3.47,4.08,4.61,7.65,7.38,-0.27,4.94,91.75,0.03
2022,12,9,1.48,-0.96,0.26,1.5,9.5,7.63,-1.88,3.6,84.56,0.21
2022,12,10,1.79,0.15,0.98,1.8,4.2,3.32,-0.88,3.97,89,1.9
2022,12,11,3.05,2.26,2.65,2.97,7.25,6.38,-0.86,4.58,94.31,1.18
2022,12,12,0.01,-1.61,-0.8,-0.02,6.05,3.36,-2.69,3.42,89.94,0.12
2022,12,13,-1.74,-4.61,-3.17,-2.01,10.16,4.55,-5.61,2.75,82.44,0
2022,12,14,-0.77,-4.49,-2.63,-0.77,7.68,3.26,-4.42,2.75,77.25,0.03
2022,12,15,0.74,-0.52,0.11,0.7,1.39,1.45,0.06,3.78,91.25,17.03
2022,12,16,0.37,-0.42,-0.02,0.23,5.34,2.86,-2.49,3.85,94.44,0.87
2022,12,17,-2.59,-4.49,-3.53,-2.78,6.27,0.85,-5.42,2.81,88.06,0.5
2022,12,18,-4.06,-6.58,-5.32,-4.21,3.83,-2.21,-6.04,2.32,84.56,0.43
2022,12,19,-4.19,-7.36,-5.77,-4.6,4.06,-1.92,-5.98,2.14,80,0.01
2022,12,20,-3.08,-6.56,-4.82,-5.74,8.02,1.31,-6.7,2.32,78.56,0
2022,12,21,-1.82,-4.95,-3.39,-3.02,10.4,4.15,-6.25,2.69,81.38,0
2022,12,22,0.8,-0.38,0.22,0.74,3.36,2.64,-0.72,3.85,91.62,3.64
2022,12,23,-12.39,-15.35,-13.87,-12.44,20.2,1.02,-19.18,1.53,77.25,5.41
2022,12,24,-15.35,-18.5,-16.92,-15.27,7.87,-10.69,-18.56,0.79,75.5,0.22
2022,12,25,-10.31,-13.98,-12.14,-10.33,3.59,-8.9,-12.49,1.22,75,0.03
2022,12,26,-10.25,-12.28,-11.27,-10.78,7.41,-6.36,-13.77,1.4,87.94,0.17
2022,12,27,-5.77,-7.04,-6.4,-5.91,8.12,-1.52,-9.64,2.26,93.19,0.03
2022,12,28,-1.43,-2.95,-2.2,-1.52,10.27,4.8,-5.46,3.11,91.06,0
2022,12,29,3.23,2,2.62,3.05,12.3,10.15,-2.15,4.64,91.56,0
2022,12,30,8.51,7.24,7.87,8.23,10.87,16.32,5.45,6.53,92.38,0.02
2022,12,31,8.62,8.75,8.69,8.45,6.8,11.65,4.85,7.26,99.38,4.41
2023,1,1,5.69,5.18,5.44,5.62,8.99,10.59,1.6,5.68,96.12,0.26
