YEAR,MO,DY,PS,WS10M,WS10M_MAX,WS10M_MIN,WS10M_RANGE,WD10M,WS50M,WS50M_MAX,WS50M_MIN,WS50M_RANGE,WD50M
2021,1,1,98.08,2.8,3.62,1.85,1.77,117.19,5.45,7.38,3.82,3.56,120.75
2021,1,2,97.57,2.7,4.16,1.23,2.92,214.56,5.53,8.27,2.41,5.84,215.5
2021,1,3,97.47,1.88,2.45,1.17,1.27,206.12,4.02,5.68,2.09,3.59,207.56
2021,1,4,97.65,1.2,1.73,0.41,1.31,262.62,2.16,3.74,0.54,3.2,263.25
2021,1,5,97.54,1.35,2.02,0.8,1.21,273.75,2.83,5.03,1.12,3.9,274.62
2021,1,6,98.3,2.06,3.02,1.48,1.54,317.5,4.25,5.77,2.86,2.91,319
2021,1,7,98.37,1.91,2.55,1.45,1.1,186.81,3.7,5.41,2.7,2.71,173.56
2021,1,8,97.86,1.98,2.53,1.34,1.2,138,3.37,4.45,2.5,1.95,124.38
2021,1,9,98.09,2.02,2.45,1.48,0.96,318.81,4.13,6.39,3.04,3.35,321.19
2021,1,10,98.59,1.25,1.84,0.51,1.33,244.81,2.02,4.76,0.64,4.12,246.19
2021,1,11,98.36,1.75,2.66,0.84,1.82,206.5,3.71,5.35,1.2,4.16,206.88
2021,1,12,98.16,2.1,3.09,1.35,1.74,240.06,4.05,5.2,2.62,2.57,240.56
2021,1,13,97.56,2.54,3.6,1.84,1.75,209.62,4.96,6.66,3.05,3.62,211.69
2021,1,14,96.94,2.16,2.99,1.65,1.34,191.38,4.75,6.99,2.97,4.02,192.5
2021,1,15,96.57,2.68,4.99,1.09,3.9,155.44,5.12,8.27,2.59,5.68,157
2021,1,16,96.35,1.76,3.18,0.16,3.02,194.94,3.13,5.66,0.22,5.44,196.5
2021,1,17,96.69,2.82,4.07,1.84,2.23,234.75,5.06,6.78,3.77,3.02,236.44
2021,1,18,97.19,3.09,4.14,2.38,1.76,248,5.44,6.58,4.34,2.23,249.31
2021,1,19,97.95,3.02,4.09,2.21,1.88,245.69,5.66,6.79,4.56,2.23,247.12
2021,1,20,97.79,3.17,4.67,0.92,3.75,256.5,5.61,7.86,1.56,6.3,257.56
2021,1,21,96.75,4.08,4.9,2.7,2.2,235.12,7.55,8.84,5.57,3.27,237.75
2021,1,22,97.19,3.65,5,2.99,2,278.75,6.42,8.16,5.02,3.13,279.94
2021,1,23,98.47,2.96,4.07,1.08,2.99,313.44,5.24,6.8,2.32,4.47,314.38
2021,1,24,98.3,1.19,2.08,0.41,1.68,160.38,2.11,3.7,0.65,3.05,161.88
2021,1,25,97.63,1.48,3.14,0.41,2.73,95.06,2.59,4.93,0.66,4.27,95.75
2021,1,26,96.81,3.66,5.23,2.56,2.66,198.06,6.7,8.52,4.69,3.83,200.81
2021,1,27,98.04,2.81,3.64,1.75,1.88,319.88,4.75,6.02,2.45,3.57,321.06
2021,1,28,98.72,3.93,5.3,2.86,2.45,315.25,6.51,8.43,4.72,3.7,316.88
2021,1,29,98.73,3.02,4.19,1.59,2.59,304.12,5.41,6.55,3.84,2.7,305.38
2021,1,30,98.56,1.39,2.88,0.19,2.69,155.94,2.59,5.33,0.28,5.05,157.25
2021,1,31,97.47,3.69,4.62,2.39,2.23,106.5,5.95,7.29,3.93,3.37,109.5
2021,2,1,97.1,2.8,3.59,1.91,1.68,151,4.62,5.88,3.4,2.48,153.12
2021,2,2,96.98,4.46,5.52,2.98,2.53,324.75,7.38,9.19,4.86,4.33,327.31
2021,2,3,97.2,4.16,5.02,2.63,2.38,300.06,7.03,7.92,4.61,3.31,302.69
2021,2,4,97.33,2.41,4.78,1.54,3.23,190.88,4.16,8.83,2.27,6.55,192.75
2021,2,5,96.56,5.26,6.62,4.03,2.59,233.94,9.07,10.7,7.57,3.13,235.31
2021,2,6,97.62,3.38,5,1.73,3.27,231.25,5.93,8,2.48,5.52,231.5
2021,2,7,97.77,2.7,4.51,1.25,3.26,277.31,4.77,7.09,3.09,4.01,277.06
2021,2,8,98.52,1.02,1.9,0.14,1.76,182.31,1.84,4.77,0.23,4.54,182.44
2021,2,9,98.26,1.66,2.38,0.43,1.95,275.31,2.93,4.42,0.91,3.51,275.38
2021,2,10,98.5,1.94,2.89,0.45,2.45,119.12,3.04,4.46,0.56,3.91,120.94
2021,2,11,98.41,2.66,3.27,2.16,1.12,128.56,4.45,4.99,3.8,1.19,115.25
2021,2,12,98.33,1.95,3.14,0.1,3.04,64.38,3.52,6.2,0.01,6.2,67.12
2021,2,13,98.04,2.31,3.3,1.23,2.08,100.69,3.89,4.99,2.46,2.53,103.5
2021,2,14,98.34,1.91,2.53,1.28,1.25,220,3.3,4.22,1.77,2.46,221
2021,2,15,97.74,2.6,5.14,1.77,3.37,38.25,4.24,8.81,2.38,6.44,40.88
2021,2,16,97.05,4.03,5.62,2.47,3.16,243,6.9,8.88,4.66,4.21,244.62
2021,2,17,98.71,1.55,2.35,0.76,1.59,152,2.98,5.34,1.05,4.3,153.81
2021,2,18,98.31,2.2,3.46,1.39,2.07,90.12,4.03,5.34,2.75,2.59,92.31
2021,2,19,98.14,2.39,3.39,0.41,2.98,263.25,4.33,5.6,0.66,4.95,264.62
2021,2,20,98.64,3.03,4.21,2.39,1.82,266.56,5.56,6.82,3.79,3.03,268.12
2021,2,21,99,2.06,3.13,1.17,1.96,168.06,3.59,6.97,1.52,5.45,169.69
2021,2,22,97.2,4.16,5.15,3.38,1.77,211.62,7.55,9.48,6.23,3.25,214.44
2021,2,23,96.94,3.88,5.45,2.16,3.29,246.75,7.63,9.8,5.76,4.05,248.44
2021,2,24,97.33,3.8,6.03,1.95,4.09,223.81,6.9,10.7,3.4,7.29,225.94
2021,2,25,98.39,2.48,3.23,1.33,1.9,313.31,4.87,6.34,2.37,3.98,313.81
2021,2,26,98.59,2.44,4.01,1.21,2.8,164.88,4.66,7.52,2.08,5.44,165.75
2021,2,27,97.93,2.5,4.08,0.22,3.86,202.5,4.44,7.5,0.27,7.23,203.88
2021,2,28,97.44,2.71,3.77,1.57,2.2,150.56,5.63,7.7,2.84,4.86,153.38
2021,3,1,97.44,4.52,6.88,2.47,4.41,296.88,7.81,11.32,4.78,6.54,297.56
2021,3,2,98.4,2.24,3.42,1.29,2.13,282.38,4.09,6.38,1.88,4.49,282.94
2021,3,3,97.5,2.8,4.09,1.95,2.15,254.56,5.97,8.95,3.5,5.45,256.38
2021,3,4,97.83,3.42,5.24,1.8,3.44,324.44,6.09,8.27,3.17,5.1,325.56
2021,3,5,98.11,3.45,5.06,2.2,2.87,303.62,5.94,8,3.77,4.23,305.19
2021,3,6,98.27,2.94,4.14,1.52,2.62,309.06,5.39,6.53,2.78,3.75,309.44
2021,3,7,98.77,1.66,2.59,0.53,2.05,218.88,3.09,6.42,0.58,5.84,216.25
2021,3,8,99,2.38,3.38,0.74,2.64,217.69,4.69,8.8,1.07,7.73,219.12
2021,3,9,98.83,2.53,3.26,1.48,1.77,251.62,5.2,7.01,3.41,3.59,252.81
2021,3,10,98.6,2.98,4.07,2.23,1.84,186.94,6.83,8.19,4.18,4.01,188.25
2021,3,11,98.11,3.77,4.96,2.78,2.18,217.38,7.61,8.58,5.94,2.64,219.12
2021,3,12,98.49,2.79,4.38,1.46,2.92,304.19,5.55,8.07,2.28,5.79,304.81
2021,3,13,98.76,2.25,2.84,1.57,1.27,315.06,4.71,7.11,2.55,4.57,315.56
2021,3,14,98.41,3.56,5.95,2.07,3.88,304.38,6.66,9.68,3.39,6.29,305.56
2021,3,15,98.68,2.38,3.15,1.41,1.73,57.44,4.59,7.27,3.14,4.13,58.06
2021,3,16,97.59,1.91,2.77,0.27,2.5,120.38,3.82,5.95,0.28,5.67,123.75
2021,3,17,97.63,1.41,2.84,0.37,2.47,121.62,2.68,6.34,0.72,5.62,124.75
2021,3,18,96.98,3.57,5.48,2.21,3.27,64.81,6.09,9.26,3.88,5.38,67.75
2021,3,19,98.6,3.44,4.27,1.95,2.32,19.56,6.34,7.62,4.67,2.95,21.75
2021,3,20,99.34,1.83,2.67,1.12,1.54,84.38,3.7,6.43,1.61,4.82,85.69
2021,3,21,99.07,2.15,3.08,1.16,1.92,140.81,4.96,8.1,1.55,6.55,141.94
2021,3,22,98.52,2.07,2.8,1.24,1.56,142.88,4.58,7.77,1.57,6.2,143.62
2021,3,23,98.07,2.66,3.6,1.73,1.86,137.38,5.64,7.48,2.62,4.86,139.31
2021,3,24,97.46,2.86,3.38,2.27,1.11,173.38,5.95,7.45,3.67,3.78,176.06
2021,3,25,97.39,2.26,3.17,1.55,1.62,188.75,4.91,6.98,2.27,4.7,190.62
2021,3,26,97.23,4.48,7.8,1.59,6.2,252.94,8.09,13.61,3.24,10.37,253.88
2021,3,27,97.83,1.66,2.77,0.41,2.36,226.06,3.8,7.64,0.77,6.88,226.81
2021,3,28,96.71,4.55,7.09,2.45,4.65,225.81,8.2,11.8,4.84,6.96,228
2021,3,29,98.21,2.79,4.53,1.05,3.48,256.94,5.09,7.99,1.7,6.29,257.88
2021,3,30,97.98,3.28,4.49,2.2,2.29,174.88,6.8,8.59,3.3,5.29,177.19
2021,3,31,97.6,2.62,3.47,1.16,2.32,260.62,5.1,7.22,2.62,4.6,261.69
2021,4,1,98.14,3.89,5.25,2.49,2.76,308.94,6.64,8.47,4.77,3.7,310.81
2021,4,2,98.85,3.15,4.45,1.66,2.79,316.44,5.95,7.31,3.94,3.38,318.25
2021,4,3,98.71,2.15,3.24,1.44,1.8,235.19,4.41,7.52,2.02,5.5,236.94
2021,4,4,98.14,2.49,3.34,1.83,1.52,248.88,5.48,7.29,2.7,4.59,249.94
2021,4,5,97.97,1.33,2.2,0.55,1.66,191.12,2.17,4.2,0.95,3.25,188.44
2021,4,6,97.61,1.76,2.46,0.3,2.16,194.38,3.81,6.2,0.31,5.89,196.12
2021,4,7,97.49,1.75,2.23,0.83,1.4,227.62,4.02,6.16,1.33,4.83,228.12
2021,4,8,97.25,2.86,3.73,2.02,1.71,130.94,5.78,7.23,3.48,3.76,133.31
2021,4,9,97.37,2.77,3.8,1.23,2.57,164.5,5.39,7.02,3.73,3.28,167.56
2021,4,10,96.87,3.03,4.09,1.8,2.29,142.88,5.84,7.97,4.2,3.77,146
2021,4,11,96.03,2.76,4.28,1.37,2.91,210.31,5.49,7.98,3.77,4.21,211.25
2021,4,12,96.74,1.92,2.91,1.2,1.73,244.69,3.79,5.09,2.21,2.88,245.88
2021,4,13,97.76,1.59,2.25,0.51,1.74,283.19,2.8,4.33,0.92,3.41,283.5
2021,4,14,97.63,1.91,2.59,0.61,1.98,265.31,3.99,5.96,1.1,4.86,266.12
2021,4,15,97.12,2.64,4.06,1.48,2.58,285.75,4.73,6.55,3.32,3.23,287
2021,4,16,97.11,2.7,3.8,1.16,2.64,288.25,5.02,6.34,3.34,3,290
2021,4,17,97.2,1.45,2.14,0.66,1.48,316,2.62,3.63,1.28,2.35,316.38
2021,4,18,97.28,1.09,1.67,0.27,1.41,286.12,1.88,3.52,0.34,3.18,288.19
2021,4,19,97.16,1.71,2.83,0.69,2.15,241,3.46,6.69,0.91,5.78,242.25
2021,4,20,97.33,2.41,3.46,1.31,2.15,292.5,4.42,5.8,2.64,3.16,274.62
2021,4,21,97.37,3.27,4.65,1.72,2.94,304.44,5.77,8.01,3.59,4.42,306.31
2021,4,22,97.76,3.01,4.31,1.84,2.47,280.31,5.75,7.43,3.94,3.49,281.56
2021,4,23,97.93,2.46,3.69,1.41,2.28,247.75,5.35,6.42,1.95,4.48,250.19
2021,4,24,97.48,1.48,1.97,0.9,1.07,176.69,3.29,5.23,1.84,3.39,177.69
2021,4,25,97.36,2.46,4.63,0.42,4.21,291.38,4.7,7.86,0.58,7.27,292.19
2021,4,26,98.09,1.38,2.33,0.58,1.75,241.56,3.09,6.48,1.07,5.41,227.62
2021,4,27,97.46,2.64,3.88,1.85,2.02,210.31,6.01,7.64,3.17,4.47,212.25
2021,4,28,97.29,2.52,3.49,1.79,1.7,235.69,5.62,6.45,4.87,1.59,237.75
2021,4,29,96.67,2.8,4.88,1.32,3.55,233.94,5.47,9.48,2.74,6.74,235.88
2021,4,30,97.29,4.16,6.09,2.03,4.06,293.12,7.81,10.66,5.02,5.66,295.06
2021,5,1,97.74,2.09,3.27,1.17,2.11,259.06,4.45,6.27,1.82,4.45,260.94
2021,5,2,97.1,2.69,3.43,1.87,1.56,228,5.76,6.48,4.21,2.27,230.56
2021,5,3,96.76,1.91,2.62,1.24,1.38,187.31,4.19,4.85,3.27,1.59,190.12
2021,5,4,96.71,2.18,3.23,0.91,2.31,227.44,4.57,6.38,2.3,4.08,229.62
2021,5,5,97.3,2.73,3.93,0.98,2.95,303.56,4.93,6.73,1.96,4.77,304.5
2021,5,6,97.86,1.52,2.12,0.89,1.23,263.5,2.8,4.25,1.55,2.7,279.88
2021,5,7,97.33,1.66,2.88,0.35,2.52,247.06,3.48,5.18,0.59,4.59,246.44
2021,5,8,97.63,2.34,3.64,0.55,3.09,268.06,4.41,6.16,0.7,5.45,268.94
2021,5,9,97.26,1.87,3.37,0.21,3.16,198.69,3.53,5.5,0.3,5.2,204.19
2021,5,10,97.75,1.88,3.07,1.05,2.03,313.25,3.81,5.56,1.82,3.74,315.19
2021,5,11,98.22,2.42,4.34,1.16,3.17,303.31,4.88,7.53,2.32,5.22,303.81
2021,5,12,98.64,1.98,2.75,1.39,1.36,341,4.6,6.41,2.16,4.25,297.25
2021,5,13,98.68,1.64,2.1,0.56,1.55,221.25,3.71,5.36,0.96,4.4,222.94
2021,5,14,98.58,1.41,2.44,0.49,1.95,203.38,2.6,4.86,0.8,4.05,204.62
2021,5,15,98.5,1.2,2.19,0.41,1.79,172.44,1.97,4.23,0.62,3.61,172.62
2021,5,16,98.4,1.08,2.05,0.14,1.91,179.38,2.44,4.87,0.06,4.8,178.88
2021,5,17,98.52,1.14,1.32,0.73,0.59,164.62,2.23,3.88,0.99,2.89,164.44
2021,5,18,98.68,1.23,2.16,0.46,1.7,130.31,2.19,3.88,0.65,3.23,131.81
2021,5,19,98.73,1.43,2.23,0.65,1.59,172.5,2.78,5.11,0.85,4.27,173.5
2021,5,20,98.89,1.59,2.3,1.23,1.07,180.75,3.35,5.06,2.02,3.04,180.38
2021,5,21,99.08,1.79,2.07,0.87,1.21,200.25,3.88,5.6,1.28,4.32,201.94
2021,5,22,98.7,1.69,2.22,0.95,1.27,261.88,4.3,5.84,1.36,4.47,263.38
2021,5,23,98.1,2.17,3.2,1.41,1.8,269.94,4.98,6.2,3.12,3.08,272.12
2021,5,24,98.15,1.12,1.59,0.4,1.2,152.88,2.39,3.95,0.62,3.34,150.88
2021,5,25,98.06,1.96,3.09,1.27,1.8,196.38,4.48,6.1,2.05,4.05,198.31
2021,5,26,97.73,2.55,4.3,1.27,3.02,235.88,5.46,8.3,2.82,5.48,237.5
2021,5,27,97.91,1.8,2.23,1.34,0.88,250.81,3.81,4.59,2.65,1.94,250.31
2021,5,28,97.14,1.86,2.81,0.71,2.1,106.81,3.52,4.88,1.08,3.8,96.56
2021,5,29,97.6,2.32,2.9,1.7,1.2,38.19,4.18,5,3.22,1.78,41.75
2021,5,30,98.3,1.39,2.02,0.78,1.23,58.19,2.4,3.51,1.46,2.04,58.56
2021,5,31,98.6,1.12,2.38,0.13,2.25,257.81,2.29,5.05,0.3,4.74,259.94
2021,6,1,98.45,1.02,2.07,0.09,1.98,202.06,2.21,4.9,0.33,4.57,202.31
2021,6,2,98.06,1.39,1.95,0.72,1.23,156.75,3.3,5.12,1.05,4.06,158.31
2021,6,3,97.51,2.06,2.91,1.46,1.45,192.31,4.45,5.5,3.47,2.03,194.56
2021,6,4,97.57,1.66,2.43,1.17,1.26,245.81,4.02,6.15,2.16,3.98,248.31
2021,6,5,97.76,2.02,2.73,1.46,1.26,227.44,4.48,5.91,2.3,3.61,229.81
2021,6,6,97.88,1.63,2.13,0.84,1.29,224.38,3.88,5.31,1.45,3.87,226.06
2021,6,7,97.9,1.31,1.92,1.01,0.91,189.25,3.2,4.76,1.71,3.04,190.56
2021,6,8,97.92,1.44,2.11,0.84,1.27,234.56,3.3,3.98,2.43,1.55,235.25
2021,6,9,97.94,1.25,1.51,0.98,0.52,243.94,2.76,3.84,1.78,2.06,245.88
2021,6,10,97.56,1.43,1.84,0.98,0.86,113.62,2.84,4.35,1.68,2.68,114.56
2021,6,11,97.2,1.87,2.52,1.16,1.36,86.75,3.77,4.2,3.19,1.02,88.56
2021,6,12,97.15,0.79,1.16,0.34,0.82,174.19,1.69,3.63,0.44,3.2,173.06
2021,6,13,97.21,1.25,1.81,0.6,1.21,276.5,2.82,4.29,1.24,3.05,277.5
2021,6,14,97.17,1.71,2.4,0.93,1.47,265.31,3.44,4.65,1.56,3.09,266.5
2021,6,15,97.39,2.22,3.18,1.38,1.8,314.94,4.83,5.74,3.2,2.54,316.25
2021,6,16,97.71,1.98,2.87,1.2,1.66,328.31,3.97,5.22,2.16,3.06,329.62
2021,6,17,97.81,1.41,2.19,0.7,1.48,278.19,2.8,6.62,1.1,5.52,279.25
2021,6,18,97.45,2.29,3.35,1.08,2.27,202.5,5.05,6.34,1.61,4.73,205.25
2021,6,19,97.15,1.91,3.18,1.25,1.93,246.31,4.3,6.89,2.73,4.16,248.88
2021,6,20,96.98,1.99,2.7,1.59,1.11,218.31,4.45,5.42,3.2,2.22,220.94
2021,6,21,96.6,2.23,3.81,0.81,3,234.25,4.76,7.43,2.6,4.83,236.56
2021,6,22,97.38,2.01,2.87,0.96,1.91,322.62,3.96,5.36,1.31,4.05,322.62
2021,6,23,98.28,1.28,1.96,0.3,1.66,211.62,2.54,4.97,0.38,4.59,215.62
2021,6,24,98.4,2.27,3.12,1.48,1.63,157.62,4.86,6.07,2.23,3.85,159.38
2021,6,25,98.18,2.36,3.27,1.45,1.83,174.81,4.81,5.98,3.6,2.38,177.12
2021,6,26,98.02,2.52,3.39,1.84,1.55,183.62,5.16,6.2,3.44,2.77,186.38
2021,6,27,98.03,2.34,3.05,1.65,1.4,197,4.96,5.6,3.35,2.26,199.88
2021,6,28,98.32,1.58,2.02,1.05,0.97,202.19,3.73,5.85,1.59,4.27,204.44
2021,6,29,98.32,1.45,2.11,0.86,1.25,205.75,3.43,5.41,1.3,4.11,207.25
2021,6,30,97.91,1.59,2.7,1,1.7,244.69,3.52,4.92,2.54,2.38,245.56
2021,7,1,97.37,1.33,2,0.59,1.41,260,3.03,4.36,1.51,2.85,262.56
2021,7,2,97.29,2.08,2.78,1.41,1.38,313.38,4.28,5.15,3,2.15,315.12
2021,7,3,97.33,1.92,2.58,1.17,1.41,303.38,4.04,4.8,2.74,2.06,305.12
2021,7,4,97.41,0.87,1.69,0.17,1.51,238.56,2.05,4.78,0.23,4.55,253.94
2021,7,5,97.76,1.37,1.85,0.8,1.04,218,3.31,5.96,1.16,4.8,220.06
2021,7,6,97.81,1.94,2.63,1.3,1.34,238.75,4.16,4.95,2.12,2.84,240.62
2021,7,7,97.62,1.52,2.1,1.02,1.08,225.75,3.51,4.71,1.62,3.09,227.06
2021,7,8,97.39,1.7,2.81,1.06,1.76,196.75,3.66,5.39,2.28,3.11,198.25
2021,7,9,97.47,1.8,2.93,1.01,1.91,280.38,4.01,5.26,2.28,2.98,280.38
2021,7,10,97.84,0.93,1.59,0.07,1.52,161.19,1.97,5.25,0.07,5.19,163.94
2021,7,11,97.55,1.66,2.61,1.02,1.59,160.31,3.8,5.11,2.42,2.7,161.94
2021,7,12,97.94,1.39,1.79,0.97,0.82,205.69,3.3,4.14,2.48,1.66,206.56
2021,7,13,98.1,2.15,3.24,1.31,1.93,202.44,4.81,6.27,3.23,3.04,203.5
2021,7,14,98.19,1.77,2.29,1.02,1.27,240.69,3.49,4.73,1.73,2.99,242
2021,7,15,97.96,1.86,2.71,1.19,1.52,212.81,4.36,5.6,1.94,3.66,214.5
2021,7,16,97.84,1.48,2.34,0.83,1.52,220.81,3.47,4.4,1.95,2.44,221.56
2021,7,17,97.74,2.18,3.43,1.03,2.4,232.38,4.49,6.68,3.26,3.42,233.56
2021,7,18,98.09,1.84,2.45,1.34,1.1,326.88,3.97,4.7,2.37,2.34,329
2021,7,19,97.96,1.33,1.63,0.6,1.03,293.94,2.7,4.44,1.04,3.4,295.19
2021,7,20,97.68,1.12,1.87,0.28,1.59,202.12,2.12,4.13,0.59,3.53,203.12
2021,7,21,97.69,1.95,3.09,1.05,2.05,265.56,4.32,5.32,2.6,2.72,265.62
2021,7,22,98.25,1.3,1.88,0.8,1.08,176.75,2.77,4.52,1.26,3.26,177.06
2021,7,23,98.21,1.03,1.73,0.64,1.09,147.88,2.16,4.16,1,3.17,162.44
2021,7,24,97.78,1.18,1.95,0.53,1.43,187,2.66,5.65,1.16,4.49,185.44
2021,7,25,97.35,1.55,2.21,1.09,1.13,223.19,3.59,5.46,2.2,3.26,223
2021,7,26,97.59,1.4,1.98,0.39,1.59,218.31,3.2,5.27,0.57,4.7,217.25
2021,7,27,97.75,1.38,1.94,0.25,1.69,257.06,2.85,4.97,0.33,4.64,259.56
2021,7,28,97.71,1.21,1.8,0.29,1.52,312.56,2.36,3.34,0.45,2.89,313.06
2021,7,29,97.36,1.75,3.53,0.74,2.79,248.94,3.61,6.73,1.07,5.66,250.69
2021,7,30,97.55,2.04,3,1.02,1.98,290.19,4.26,5.18,2.94,2.24,290.19
2021,7,31,97.65,1.13,2.16,0.33,1.84,197.56,2.28,5.33,0.55,4.78,197.62
2021,8,1,97.35,1.78,3.04,1.1,1.93,263.31,3.92,5.49,2.1,3.39,262.62
2021,8,2,97.89,1.48,2.03,1.03,1,149.62,3.2,4.66,2.26,2.41,150.06
2021,8,3,97.95,1.09,1.91,0.41,1.5,96.12,2.35,4.85,0.7,4.15,101.44
2021,8,4,97.98,0.98,1.92,0.05,1.88,92.69,1.99,3.73,0.14,3.58,93.94
2021,8,5,98.05,1.02,1.64,0.17,1.46,233.94,1.7,2.73,0.38,2.34,234.56
2021,8,6,98.04,1.66,2.47,0.74,1.73,198.44,3.06,4.52,1.18,3.33,199.56
2021,8,7,97.8,1.35,1.79,0.63,1.16,202.94,2.46,3.27,1,2.27,203.62
2021,8,8,97.86,1.38,2.05,0.27,1.78,240.44,2.67,4.7,0.51,4.19,239.5
2021,8,9,97.92,1.52,2.08,0.79,1.3,183.69,3.6,5.04,1.16,3.88,184.88
2021,8,10,97.86,2.27,3.62,1.47,2.15,203.81,4.76,6.75,3.31,3.44,206.25
2021,8,11,97.77,2,2.91,1.43,1.48,211.88,4.13,5.52,3.26,2.26,214.44
2021,8,12,97.76,2.05,3.2,1.12,2.07,213.5,4.55,6.09,3.48,2.6,215.62
2021,8,13,97.89,1.37,1.79,0.88,0.91,210.25,3.27,4.4,2.21,2.19,212
2021,8,14,98.14,1.6,2.49,0.94,1.56,229.69,3.48,5.17,2.52,2.66,230.12
2021,8,15,98.26,1.35,1.72,1.15,0.57,74.81,2.89,4.74,1.84,2.9,78.31
2021,8,16,97.96,0.94,1.65,0.11,1.54,103.69,1.94,3.84,0.24,3.6,110.81
2021,8,17,97.97,1.27,1.62,0.91,0.71,163.5,3.09,4.3,1.98,2.32,165
2021,8,18,97.74,2.15,3.33,1.46,1.86,154.69,4.43,6.25,2.55,3.69,158.38
2021,8,19,97.9,0.94,1.48,0.13,1.35,260.88,2.02,3.87,0.16,3.7,262.25
2021,8,20,97.59,1.26,1.8,0.48,1.33,112.94,2.15,3.11,0.59,2.52,113.62
2021,8,21,97.42,1,1.67,0.16,1.52,198.19,1.55,2.6,0.18,2.42,198.38
2021,8,22,97.46,1.23,1.8,0.84,0.96,308.5,2.25,4.27,1.16,3.11,309.19
2021,8,23,97.47,1.7,2.52,1.13,1.39,306.44,4.09,5.33,2.03,3.3,307.56
2021,8,24,97.81,1.09,2.07,0.3,1.77,255.62,1.82,3.69,0.44,3.26,257.12
2021,8,25,98.02,1.21,2.14,0.37,1.77,223.25,2.36,4.29,0.54,3.75,223.44
2021,8,26,98.12,0.98,1.62,0.56,1.05,236.19,1.84,3.18,0.94,2.24,236.25
2021,8,27,98.06,0.91,1.56,0.31,1.24,213,2.06,3.81,0.52,3.3,212.62
2021,8,28,98.2,1.25,1.6,0.39,1.2,212.06,2.57,4.27,0.5,3.77,212.25
2021,8,29,98.01,1.33,1.78,0.61,1.17,205.44,3.14,4.73,0.91,3.83,207.31
2021,8,30,97.46,1.47,2.07,0.9,1.18,249.81,3.38,4.27,2.34,1.92,251.19
2021,8,31,97.16,1.15,2.09,0.38,1.7,189.69,2.27,3.62,0.6,3.02,191.62
2021,9,1,96.89,2.61,3.98,0.67,3.3,114.56,5.3,7.2,2.16,5.03,86.5
2021,9,2,97.76,1.7,2.08,1.38,0.7,323.69,3.8,5.86,2.6,3.26,325.38
2021,9,3,98.04,1.02,1.59,0.13,1.45,190.56,1.7,2.73,0.2,2.54,193
2021,9,4,97.67,1.24,1.62,0.7,0.92,165.75,2.98,4.65,1.16,3.48,166.69
2021,9,5,97.11,1.79,2.36,1.34,1.02,252.12,3.95,4.81,3.16,1.66,253.25
2021,9,6,97.38,1.98,3.23,1.25,1.98,243.06,4.52,6.2,2.3,3.89,243.69
2021,9,7,97.41,1.98,2.87,1.15,1.71,186.75,4.34,5.9,1.76,4.14,188.5
2021,9,8,97.02,1.74,2.53,1.2,1.34,211.25,3.98,5.05,2.8,2.25,213.06
2021,9,9,97.27,1.77,3.11,0.97,2.14,290.81,4.01,5.83,1.58,4.25,291
2021,9,10,97.89,1.42,1.94,0.72,1.22,290.25,2.96,4.35,1.02,3.33,291.38
2021,9,11,98.12,1.99,2.67,1.15,1.52,197.5,4.5,6.09,1.73,4.36,199.31
2021,9,12,97.97,2.48,3.17,1.91,1.27,220.12,5.38,6.45,3.71,2.74,223.31
2021,9,13,98.01,1.77,2.43,1.05,1.38,226.12,4.03,5.59,2.88,2.71,228.56
2021,9,14,97.68,1.86,2.67,1.38,1.29,198.56,4.32,5.63,2.24,3.39,200.44
2021,9,15,97.57,1.67,2.3,0.96,1.34,187.94,3.63,4.69,2.31,2.38,189.12
2021,9,16,98.12,1.38,1.68,1.15,0.53,84.88,3.18,5.55,2.26,3.3,87.75
2021,9,17,98.14,1.37,1.84,0.83,1.01,163.62,3.29,4.82,1.47,3.35,165.12
2021,9,18,98.08,1.28,1.81,0.55,1.27,226.06,3.16,5.73,0.84,4.89,226.56
2021,9,19,98.22,1.38,1.98,0.98,1,68.25,3.38,6.34,1.5,4.84,68.81
2021,9,20,98.21,1.99,3.06,1.35,1.71,142.06,4.41,6.41,2.25,4.16,145.38
2021,9,21,98.19,2.02,2.7,1.3,1.4,142.56,4.21,5.16,3.45,1.72,144.25
2021,9,22,97.06,2.91,4.05,1.68,2.38,151,5.8,7.91,3.8,4.12,154.44
2021,9,23,97.22,2.92,3.88,2.14,1.74,217.94,5.88,7.3,4.87,2.44,219.75
2021,9,24,97.82,2.11,2.92,1.22,1.7,226.06,4.69,5.65,3.16,2.49,228.38
2021,9,25,97.72,1.78,2.62,1.07,1.55,228.44,4.06,5.63,1.51,4.12,229.69
2021,9,26,97.73,2.13,3.27,1.27,2.01,247.44,4.92,6.8,2.05,4.75,249.69
2021,9,27,97.49,2.52,3.67,1.55,2.12,211.94,5.54,7.21,3.59,3.62,214.75
2021,9,28,97.42,2,2.59,1.41,1.17,247,4.53,5.77,3.12,2.65,248.06
2021,9,29,97.92,1.39,2.05,0.98,1.07,145.56,3.12,4.65,1.71,2.94,145.5
2021,9,30,98.26,1.52,1.84,0.73,1.11,173.56,3.49,5.77,1.36,4.41,173.62
2021,10,1,98.49,1.03,2.51,0.35,2.16,151.06,2.23,4.83,0.49,4.34,149.69
2021,10,2,98.12,1.51,2.39,0.44,1.95,194.75,3.13,5.12,0.55,4.57,196.12
2021,10,3,97.49,1.81,2.89,1.07,1.82,198,4.38,5.7,2.87,2.83,199.5
2021,10,4,97.45,1.25,1.9,0.69,1.21,190.88,2.59,4.65,0.88,3.77,191.38
2021,10,5,98.19,1.21,1.77,0.52,1.24,84.12,2.55,5.29,0.83,4.45,86.75
2021,10,6,98.56,1.42,1.73,0.98,0.75,121.06,3.54,4.86,2.12,2.75,122.75
2021,10,7,98.35,1.27,1.55,0.81,0.74,148.31,3.15,4.39,1.58,2.82,149.62
2021,10,8,97.94,1.3,1.7,0.86,0.84,145.19,3.13,4.62,1.66,2.97,145.44
2021,10,9,97.91,1.99,2.92,1.24,1.69,137.25,4.33,5.21,3.45,1.77,138.94
2021,10,10,97.85,1.77,2.05,1.41,0.65,133.69,3.91,5.73,3.06,2.68,135.31
2021,10,11,97.7,1.69,2.2,1.21,0.98,124,3.69,5.57,1.9,3.67,125.94
2021,10,12,97.68,1.76,2.39,1.22,1.17,175.31,4.14,4.95,3.23,1.72,177.06
2021,10,13,97.74,1.32,2.2,0.66,1.54,243.5,2.56,3.82,0.84,2.98,243.44
2021,10,14,97.64,1.16,1.85,0.5,1.34,213,2.95,4.84,0.7,4.13,216.56
2021,10,15,97.22,1.83,3.22,0.97,2.26,201.12,4.52,6.2,2.27,3.94,202.38
2021,10,16,97.03,2.76,4.39,1.4,2.99,259.94,5.62,7.8,3.56,4.23,261.38
2021,10,17,97.63,2.63,4.23,1.68,2.56,275.81,5.61,7.83,4.11,3.72,277.81
2021,10,18,97.83,2.42,3.73,1.47,2.27,292.19,5.24,6.83,3.52,3.31,294.38
2021,10,19,98.09,2.07,2.83,1.38,1.45,262.5,4.62,6.77,1.96,4.81,264.12
2021,10,20,98.06,1.88,2.63,1.28,1.35,230.88,4.61,6.35,1.74,4.61,232.25
2021,10,21,97.43,2.5,4.16,1.26,2.91,222,5.34,7.89,3.08,4.81,223.69
2021,10,22,97.56,1.28,1.86,0.73,1.13,271.62,2.84,4.38,1.69,2.69,272.56
2021,10,23,97.7,1.12,2.09,0.37,1.72,270.38,2.14,3.8,0.64,3.16,269.62
2021,10,24,97.72,1.28,1.98,0.73,1.25,190,3.2,5.99,1.74,4.25,194.06
2021,10,25,96.93,2.12,3.48,1.02,2.46,186,4.98,6.8,3.18,3.62,188.25
2021,10,26,96.88,3.4,4.66,1.27,3.39,303.19,6.49,8.49,3.73,4.77,305.56
2021,10,27,97.43,1.73,2.62,0.98,1.64,297.25,3.55,5.05,2.69,2.37,299.75
2021,10,28,96.99,2.23,3.13,1.1,2.04,108.31,4.32,6.43,2.21,4.22,111.12
2021,10,29,96.19,2.95,4.4,2.09,2.32,89.19,5.55,8.33,3.94,4.39,92.88
2021,10,30,96.09,0.91,1.9,0.16,1.73,110.56,1.64,3.6,0.26,3.35,113.69
2021,10,31,96.88,2.48,3.52,0.99,2.52,271.38,5.04,6.49,3.02,3.47,273.31
2021,11,1,98.2,2.09,3.29,1.25,2.05,284.19,4.46,6.57,3.03,3.55,285.62
2021,11,2,98.41,1.93,3.17,1.12,2.05,275.12,4.37,5.55,3.2,2.35,275.56
2021,11,3,98.68,1.69,2.23,1.28,0.95,263.5,3.63,5.09,2.14,2.95,264.56
2021,11,4,98.62,1.38,2.16,0.18,1.99,179.19,2.37,3.84,0.35,3.48,177.94
2021,11,5,98.86,1.4,2.45,0.23,2.23,94.12,2.62,5.16,0.54,4.62,93.62
2021,11,6,98.61,1.52,2.39,0.77,1.62,141.12,3.37,5.45,1.14,4.31,142.38
2021,11,7,98.32,1.64,2.37,0.45,1.92,245.88,3.09,5.36,0.59,4.77,246.94
2021,11,8,98.36,1.79,2.3,0.88,1.41,244.12,3.76,7.16,1.12,6.04,245.19
2021,11,9,98.1,1.69,2.05,1,1.05,229.25,4.48,5.95,1.37,4.59,230.69
2021,11,10,98.16,1.46,2.34,0.45,1.9,132.44,3.61,6.68,0.56,6.11,133.69
2021,11,11,97.49,3.07,4.4,2.18,2.22,141,6.48,8.78,4.03,4.75,145.19
2021,11,12,97.31,2.52,4.08,1.28,2.8,220.06,5.49,7.84,3.38,4.45,221.5
2021,11,13,97.3,2.9,4.23,1.45,2.78,246.5,5.65,7.49,3.75,3.74,248
2021,11,14,97.17,2.36,3.14,1.55,1.59,214.5,4.42,5.94,3.03,2.91,216.94
2021,11,15,97.57,3.09,4.27,1.61,2.66,263.12,6.08,7.66,4.48,3.19,265.12
2021,11,16,98.14,1.38,2.21,0.43,1.78,206.75,3.14,5.99,0.56,5.43,206
2021,11,17,97.84,2.67,3.92,1.57,2.35,187.75,5.66,7.73,2.7,5.03,190.5
2021,11,18,97.82,2.92,3.59,2.13,1.46,247.19,5.81,6.93,4.18,2.75,248.31
2021,11,19,98.96,2.37,3.31,0.41,2.9,259.62,4.25,6.52,0.54,5.98,261.19
2021,11,20,98.83,1.8,2.28,1.4,0.88,160.5,4.24,5.77,2.78,2.98,162.19
2021,11,21,97.98,1.95,2.52,1.52,1.01,197.56,4.34,5.09,2.54,2.55,199.62
2021,11,22,97.65,2.56,3.38,1.53,1.85,295.19,5.05,6.15,3.9,2.25,296.69
2021,11,23,98.22,1.94,2.55,1.34,1.2,277.5,3.86,4.84,2.75,2.09,279.12
2021,11,24,98.53,1.83,2.35,1.35,0.99,184.25,4.5,6.72,2.4,4.32,185.5
2021,11,25,97.65,2.39,2.82,1.91,0.91,217.12,5.02,5.45,4.42,1.03,219.5
2021,11,26,97.49,3.73,4.84,2.53,2.32,280.94,6.74,8.33,4.66,3.66,283.38
2021,11,27,97.56,1.9,2.8,0.99,1.8,229,3.73,5.08,2.68,2.41,231.06
2021,11,28,97.11,2.74,3.45,1.62,1.83,244.69,5.27,6.61,3.18,3.43,246.25
2021,11,29,97.69,2.28,3.05,1.42,1.62,268.12,4.51,5.52,3.08,2.44,270.12
2021,11,30,97.48,2.52,3.48,1.58,1.91,229.56,5.12,6.85,3.3,3.55,231.62
2021,12,1,97.82,1.62,2.69,1.01,1.68,197.12,3.41,5.84,1.88,3.95,199.5
2021,12,2,96.92,3.81,5.24,2.09,3.16,252.69,7.54,9.61,5.07,4.54,254.88
2021,12,3,97.79,1.48,2.23,0.38,1.84,242.25,2.95,4.9,0.49,4.41,242.75
2021,12,4,98.12,1.95,3.28,1.17,2.1,225.19,3.88,6.21,1.81,4.39,225.12
2021,12,5,98.05,2.68,4.58,0.96,3.61,145.62,5.34,8.84,2.52,6.31,148.44
2021,12,6,97.05,4.48,5.77,3.41,2.34,233.44,8.42,10.47,6.59,3.89,235.44
2021,12,7,98.19,1.55,3.09,0.34,2.74,241.31,2.95,6.05,0.65,5.39,242.44
2021,12,8,97.66,1.54,2.7,0.62,2.08,213.25,2.96,4.55,1.01,3.55,214.19
2021,12,9,97.86,1.68,2.86,0.33,2.53,177.25,3.36,6.42,0.47,5.95,179.75
2021,12,10,97.52,1.91,2.73,1.2,1.54,188.12,4.65,6.2,2.29,3.91,190.25
2021,12,11,96.6,4.98,7.47,2.91,4.56,222.94,9.44,12.91,5.59,7.33,225.56
2021,12,12,98.31,2.61,3.26,1.98,1.28,239.62,5.32,6.95,3.79,3.16,241.69
2021,12,13,98.6,2.24,3.2,1.76,1.44,218.56,5.06,7.33,2.52,4.8,220.12
2021,12,14,99.16,1.67,2.7,0.53,2.16,146.06,3.55,7.12,0.75,6.38,147.06
2021,12,15,98.64,2.8,3.6,2.33,1.27,159.25,5.92,7.46,4.45,3.02,162.12
2021,12,16,97.61,3.89,5.07,2.76,2.3,214.19,7.65,8.99,6.05,2.95,216.94
2021,12,17,98.24,1.6,2.93,0.74,2.18,218.38,3.36,6.12,1.28,4.84,219.31
2021,12,18,97.42,2.14,4.3,0.65,3.66,192.44,3.91,7.37,1.33,6.05,195.5
2021,12,19,98.35,2.44,3.26,1.36,1.9,284.56,4.6,5.41,2.25,3.16,285.62
2021,12,20,98.38,1.73,2.39,1.16,1.23,197.81,3.42,5.84,1.71,4.13,198.5
2021,12,21,97.52,1.8,2.51,0.95,1.55,189.69,4.02,6.88,1.36,5.52,190.44
2021,12,22,97.19,3.2,4.91,1.41,3.51,269.88,5.79,8.03,3.1,4.93,271.5
2021,12,23,97.91,2.13,3.43,1.3,2.14,204.75,4.18,7.39,2.43,4.96,207.19
2021,12,24,97.2,2.61,3.94,1.35,2.59,208.69,6.35,8.05,3.13,4.91,211
2021,12,25,96.33,3.11,4.34,1.64,2.7,266.5,6.04,8.47,3,5.47,268.38
2021,12,26,97.73,1.84,2.42,0.94,1.48,251.5,3.77,5.27,1.7,3.58,251.56
2021,12,27,97.04,2.69,3.88,1.79,2.09,159.31,5.28,7.8,3.68,4.11,163.38
2021,12,28,97.03,1.8,3.91,0.53,3.38,209.06,3.84,7.45,0.99,6.46,212.38
2021,12,29,97.05,1.58,2.34,1.15,1.19,217.06,3.59,5.14,2.53,2.61,216.19
2021,12,30,97.22,1.07,1.66,0.35,1.32,176.31,2.19,3.23,0.48,2.75,173.19
2021,12,31,97.13,1.7,2.77,0.77,1.99,203.88,4.09,5.82,2.28,3.54,205.75
2022,1,1,96.64,1.78,3.05,0.95,2.09,232.44,4.04,6.55,2.02,4.53,233.75
2022,1,2,97.12,2.54,3.84,1.27,2.59,321.56,4.2,6.12,1.9,4.22,322.5
2022,1,3,98.29,2.66,3.94,1.25,2.69,271.44,4.62,6.46,2.62,3.84,227.69
2022,1,4,98.34,2.12,3.03,1.14,1.89,179.62,4.05,7.28,2.62,4.66,181.25
2022,1,5,96.85,4.13,5.66,2.7,2.97,215.31,7.83,9.91,5.05,4.87,217.31
2022,1,6,97.43,2.63,4.05,1.22,2.84,268.69,4.29,7.43,1.84,5.59,268
2022,1,7,98.12,3.74,4.88,2.2,2.69,276.19,6.27,7.88,3.88,4,277.44
2022,1,8,98.94,2.23,3.11,0.94,2.18,179.81,3.99,6.77,1.3,5.48,181.69
2022,1,9,98.05,3.88,4.85,2.55,2.29,236.56,7.24,8.65,5.09,3.56,239.25
2022,1,10,98.57,4.04,4.9,2.91,1.99,278.75,6.95,8.3,5.16,3.14,280
2022,1,11,99.01,2.51,4.32,1.12,3.2,250.44,4.35,7.25,1.6,5.64,252.25
2022,1,12,97.85,2.88,4.55,1.65,2.9,218,6.03,7.73,4.88,2.86,219.88
2022,1,13,97.32,1.55,2.11,0.6,1.51,182,3.13,5.26,0.8,4.45,183.19
2022,1,14,97.65,2.8,3.52,1.52,2,330.06,4.95,5.89,3.69,2.2,316.44
2022,1,15,98.46,2.35,3.05,1.77,1.29,35.5,3.93,4.93,2.81,2.12,36.62
2022,1,16,97.42,3.22,4.28,1.93,2.35,92.44,5.22,6.68,3.82,2.86,96.38
2022,1,17,95.7,4.86,6.65,2.62,4.03,275.81,7.9,10.55,4.3,6.26,279.75
2022,1,18,97.64,3.12,3.98,1.75,2.23,238.56,5.71,6.98,3.9,3.09,240.06
2022,1,19,97.49,3.18,4.63,2.2,2.44,229.19,6.47,8.91,5.08,3.84,231.19
2022,1,20,98.62,3.16,3.95,1.94,2.01,248.88,5.34,6.18,3.41,2.77,249.38
2022,1,21,99.21,2.11,2.65,1.76,0.89,36.75,3.76,5.09,2.74,2.35,37.44
2022,1,22,98.51,2.23,3.15,1.23,1.91,187.5,4.16,6.52,1.73,4.79,189
2022,1,23,97.16,2.88,3.57,2.22,1.35,248.62,5.16,6.12,3.66,2.45,250.75
2022,1,24,96.97,2.2,3.2,0.41,2.78,223.44,4.01,6.05,0.57,5.48,224.94
2022,1,25,97.77,2.42,3.26,1.72,1.54,309.62,4.55,5.65,3.31,2.33,309.44
2022,1,26,98.75,2.03,3.09,0.21,2.88,272.44,3.33,4.96,0.26,4.7,272.38
2022,1,27,98.41,2.68,3.66,1.93,1.73,195,4.91,6.35,2.65,3.7,196.38
2022,1,28,97.91,2.37,3.44,1.2,2.24,286.56,4.22,5.88,2.48,3.4,272.94
2022,1,29,97.81,3.13,4.13,1.46,2.67,324.31,5.3,6.49,2.38,4.11,325.62
2022,1,30,97.58,1.64,2.22,0.23,1.99,147.25,2.55,3.35,0.35,3,164.38
2022,1,31,98.23,1.72,3.02,1.01,2.01,101.69,3.36,6.28,1.72,4.56,104.56
2022,2,1,98.47,3.09,3.73,2.57,1.16,140.56,6.06,8.1,4.23,3.86,142.81
2022,2,2,98.22,2.54,3.12,1.68,1.45,149.25,5.32,7.09,3.48,3.62,150.94
2022,2,3,97.96,2.62,4.06,1.16,2.89,81.62,4.64,6.3,2.55,3.73,68.5
2022,2,4,97.91,2.77,3.76,1.89,1.87,245.75,4.77,5.91,3.61,2.29,232.38
2022,2,5,98.87,2.21,2.88,0.88,2.01,259.31,3.76,5.34,1.92,3.42,260.75
2022,2,6,98.8,2.48,2.89,1.09,1.8,148.94,5,7.28,2.54,4.73,149.75
2022,2,7,98.1,2.12,2.62,1.13,1.49,206.56,4.57,5.93,2.52,3.4,207.25
2022,2,8,97.87,2.54,3.28,1.68,1.59,241.5,4.82,7.44,3.96,3.48,242.38
2022,2,9,97.21,3.02,3.52,2.41,1.1,198.31,6.91,8.47,5.58,2.89,200
2022,2,10,97.26,3.16,4.91,1.97,2.95,246.56,6.3,8.8,4.48,4.31,247.62
2022,2,11,96.97,3.62,5.29,1.99,3.3,210.31,7.42,10.4,4.58,5.82,211.94
2022,2,12,97.83,3.24,4.52,1.93,2.59,280.94,5.7,7.09,3.89,3.2,280.75
2022,2,13,98.09,2.48,3.1,2.02,1.08,315.81,3.74,4.75,2.84,1.91,313.75
2022,2,14,98.46,2.41,3.28,1.25,2.02,304.5,3.95,5.14,2.4,2.74,304.06
2022,2,15,99.24,1.34,3.18,0.17,3.01,186.19,2.66,7.41,0.39,7.02,189.38
2022,2,16,98.52,3.85,5.55,2.63,2.92,170.81,7.23,10.55,5.05,5.49,173.69
2022,2,17,96.91,5.59,7.21,4.64,2.57,200.12,10.43,13.14,8.41,4.73,202.38
2022,2,18,97.55,4.1,7.35,1.68,5.66,273.69,6.63,10.55,4.19,6.36,274.69
2022,2,19,98.1,4.88,7.69,1.16,6.53,267.12,8.05,11.73,2.35,9.38,268.31
2022,2,20,98.43,3.27,4.66,0.73,3.93,195.38,6.28,9.68,1.04,8.64,197.44
2022,2,21,98.18,3.12,4.12,2.03,2.08,194.19,6.61,8.93,4.15,4.78,196.12
2022,2,22,97.49,4.29,6.09,2.73,3.36,193.69,8.34,11.02,5.43,5.59,196.5
2022,2,23,98.28,3.86,5.09,1.84,3.27,301.25,6.44,8.56,3.05,5.51,300.75
2022,2,24,98.54,2.44,4.31,1.09,3.22,72.81,3.95,6.55,2.17,4.38,74.44
2022,2,25,98.14,3.61,5.79,1.52,4.27,260.25,6.41,9.62,3.55,6.08,261.44
2022,2,26,98.92,2.58,3.3,2.13,1.17,276.31,4.55,6.26,3.42,2.84,276.19
2022,2,27,98.06,3.68,5.54,2.48,3.05,270.19,6.77,9.72,4.3,5.41,272.06
2022,2,28,98.26,1.62,2.53,0.48,2.05,190.94,3.28,7.06,0.67,6.39,204.5
2022,3,1,97.61,2.71,4.39,1.54,2.86,243,5.88,7.76,4.22,3.54,243.94
2022,3,2,97.67,2.15,3.91,0.95,2.97,173.62,4.57,8.77,1.4,7.37,173.31
2022,3,3,98.38,3.05,4.53,1.27,3.27,283.56,5.23,7.38,2.59,4.79,283.75
2022,3,4,99.03,1.34,2.09,0.48,1.61,141.38,2.53,5.57,0.77,4.8,140.75
2022,3,5,98.27,2.58,4.62,1.73,2.88,144.12,5.58,9.77,2.79,6.98,146.88
2022,3,6,97.58,4.91,6.48,1.67,4.81,226.62,9.3,11.08,3.89,7.19,228.81
2022,3,7,96.93,4.65,7.28,0.67,6.62,246.12,8.5,12.7,1.04,11.65,246.31
2022,3,8,98.08,1.98,2.89,0.59,2.3,233.38,3.79,5.74,0.84,4.91,232.62
2022,3,9,97.53,1.7,2.7,0.29,2.41,194.12,3.13,5.05,0.4,4.66,197
2022,3,10,97.96,1.14,2.09,0.5,1.59,178.5,1.92,4.07,0.64,3.43,177.56
2022,3,11,97.33,2.43,4.3,1.35,2.95,212.56,4.44,6.78,2.47,4.31,212.31
2022,3,12,97.07,5.2,6.9,3.16,3.73,307.44,8.53,11.12,5.22,5.9,308.94
2022,3,13,98.09,4.01,5.08,2.98,2.09,236.25,7.04,8.44,5,3.44,238.62
2022,3,14,98.54,2.77,4.05,1.83,2.22,209.75,5.99,8.47,3.01,5.46,211.62
2022,3,15,98.29,2.45,3.86,1.77,2.09,234.75,5.12,6.88,3.27,3.62,235.81
2022,3,16,97.94,1.55,2.45,0.12,2.33,172.44,2.91,6.66,0.14,6.52,172.81
2022,3,17,97.44,1.51,1.93,0.78,1.15,208.56,3.06,5.5,1.07,4.43,210.69
2022,3,18,97.28,2.43,3.93,1.45,2.48,184.5,4.86,8.05,2.55,5.49,185.75
2022,3,19,96.82,3.95,6.27,2.23,4.03,219.31,7.34,10.77,4.89,5.88,220.62
2022,3,20,97.73,3.7,4.83,2.12,2.71,280.44,7.1,8.38,6.06,2.33,281.94
2022,3,21,98.22,2.09,2.89,0.73,2.17,232.88,4.03,5.85,0.7,5.14,232.94
2022,3,22,98.08,2.56,4.2,1.42,2.78,74.62,4.77,7.88,1.85,6.02,76.12
2022,3,23,97.06,4.48,6.88,1.41,5.47,132.88,7.95,11.7,3.62,8.08,137.5
2022,3,24,96.94,2.52,3.58,1.82,1.76,239.81,5.18,6.68,3.98,2.7,240.44
2022,3,25,96.63,3.21,4.26,1.84,2.41,241.81,5.91,7.09,3.36,3.73,243.31
2022,3,26,96.42,4.01,5.2,3.06,2.13,262.69,7.09,8.73,5.62,3.11,264.69
2022,3,27,97.32,4.13,5.93,2.48,3.45,287.44,7.1,9.66,4.78,4.88,288.94
2022,3,28,97.99,3.77,6.27,1.88,4.39,307.44,6.48,10.27,3.68,6.59,308.25
2022,3,29,98.42,1.54,2.14,0.42,1.72,260.88,3.01,5.34,0.55,4.8,261.31
2022,3,30,97.24,3.04,3.6,1.71,1.89,136.94,6.01,8.34,4.42,3.91,140.06
2022,3,31,95.98,4.33,5.24,3.11,2.13,224.38,8.41,10.51,6.09,4.41,225.56
2022,4,1,97.19,3.55,5.23,1.6,3.63,278.5,6.55,8.9,4.27,4.62,279.19
2022,4,2,97.72,1.15,2.14,0.43,1.71,200.69,2.05,4.1,0.52,3.58,214.75
2022,4,3,97.4,2.99,4.45,1.57,2.89,288.75,5.67,7.47,2.81,4.65,289.56
2022,4,4,97.7,1.55,2.06,1.05,1.01,168.31,3.05,5.62,1.75,3.88,168.5
2022,4,5,97.14,1.79,2.42,1.3,1.12,130.88,3.98,5.55,1.8,3.76,132.56
2022,4,6,96.54,2.38,3.5,0.94,2.57,131.5,4.7,6.54,2.17,4.37,133
2022,4,7,96.5,1.98,2.78,0.86,1.92,245.38,3.84,5.09,2.31,2.77,246.31
2022,4,8,96.56,2.02,3.15,1.27,1.88,222.69,4.12,5.37,2.46,2.91,223.94
2022,4,9,96.78,2.45,3.41,1.66,1.75,257,4.52,5.58,3.59,1.99,258.25
2022,4,10,97.53,2.83,4.06,1.77,2.3,247.19,5.12,6.82,2.88,3.94,248.31
2022,4,11,97.51,2.41,3.45,1.91,1.55,171.06,5.05,6.13,2.67,3.46,173.5
2022,4,12,97.79,1.41,2.16,0.25,1.91,175.31,3.08,6.67,0.35,6.32,190.31
2022,4,13,97.2,2.89,5.3,1.98,3.32,191.19,6.2,10.33,4.26,6.06,193.38
2022,4,14,97.26,3.5,4.83,2.16,2.67,250.06,7.13,8.17,5.25,2.92,251.06
2022,4,15,97.74,3.61,5.35,1.87,3.48,226.5,7.62,9.75,4.22,5.53,228.75
2022,4,16,97.52,2.99,4.27,1.67,2.59,282.5,5.94,8.06,4.19,3.87,282.12
2022,4,17,98.33,2.27,3.14,1.38,1.76,210.5,4.38,6.27,2.66,3.61,211.69
2022,4,18,97.79,3.22,4.5,2.08,2.43,150.38,6.05,8.06,4.28,3.78,152.88
2022,4,19,97.63,3.59,5.59,1.69,3.89,271.38,6.77,9.88,4.26,5.62,273.38
2022,4,20,98.72,1.34,2.52,0.09,2.42,206.69,3.12,6.66,0.2,6.46,212.12
2022,4,21,98.52,2.77,4.41,1.56,2.85,211.31,6.07,8.14,4,4.14,214.19
2022,4,22,98.99,1.48,2.05,0.79,1.27,147,3.49,5.88,1.18,4.69,175.75
2022,4,23,98.22,1.84,2.41,1.3,1.12,176.5,4.26,5.9,2.11,3.8,179.06
2022,4,24,97.87,2.07,2.71,1.55,1.16,219.25,5.09,6.26,2.35,3.91,220.62
2022,4,25,97.66,2.45,3.59,1.71,1.88,221.38,5.37,6.99,3.21,3.78,221.69
2022,4,26,98.04,2.22,3.45,0.82,2.63,287.06,4.2,6.26,2.13,4.12,286.5
2022,4,27,98.23,3.13,4.55,1.34,3.21,300.12,5.91,7.88,3.66,4.21,300.75
2022,4,28,98.46,1.91,2.34,1.35,0.99,285.88,4.17,5.87,2.7,3.18,272.25
2022,4,29,98.3,1.55,2.47,0.57,1.9,40.75,3.26,6.11,0.86,5.25,41.12
2022,4,30,98,1.73,2.5,0.76,1.73,103.06,3.64,6.8,1.48,5.32,104.25
2022,5,1,97.4,2.02,2.57,1.43,1.14,160.94,4.44,5.62,3.48,2.13,165.19
2022,5,2,97.75,2,3.3,1.23,2.07,254.31,3.74,5.75,2.45,3.3,252.62
2022,5,3,97.52,2.09,2.95,0.95,2.01,139.5,4.35,6.48,1.98,4.5,141.88
2022,5,4,97.64,2.12,3.01,1.31,1.7,290.75,4.35,5.19,3.3,1.88,291.12
2022,5,5,97.88,1.38,1.91,0.76,1.15,97.69,3.14,5.55,1.2,4.34,100.88
2022,5,6,96.73,2.2,3.4,1.45,1.95,67.31,4.03,6.02,2.9,3.12,70.44
2022,5,7,97.03,2.75,3.59,1.34,2.25,64.81,5.5,6.66,3.84,2.82,66.5
2022,5,8,97.88,1.84,2.24,1.3,0.94,67.88,3.94,6.76,2.68,4.08,69.62
2022,5,9,98.34,1.84,2.3,1.21,1.09,114.81,4.32,7.43,1.94,5.48,116.19
2022,5,10,98.58,1.93,2.42,1.39,1.04,120,4.7,6.84,1.94,4.9,121.19
2022,5,11,98.48,1.72,2.51,0.95,1.56,106.12,3.88,5.8,1.27,4.53,106.94
2022,5,12,98.38,1.77,2.34,0.72,1.62,118.5,3.9,6.05,1.09,4.95,119.56
2022,5,13,98.11,1.77,2,1.22,0.78,115.62,4.19,5.38,3.04,2.34,117
2022,5,14,97.59,1.38,1.72,0.85,0.87,162.69,3.23,4.65,2,2.65,163.56
2022,5,15,97.23,1.5,2.05,1.17,0.88,233.56,3.33,5.14,2.17,2.97,235.75
2022,5,16,96.87,2.29,4.22,0.92,3.29,261.75,4.98,7.72,2.25,5.48,263.06
2022,5,17,97.43,2.42,3.95,1.48,2.46,298.88,5.12,7.12,2.88,4.24,298.81
2022,5,18,97.49,1.36,2.09,0.48,1.6,148.75,2.62,4.48,0.91,3.57,151.12
2022,5,19,96.85,2.05,3.59,0.23,3.36,231.94,4.61,6.57,0.71,5.86,232.25
2022,5,20,96.99,2.76,4.09,1.25,2.84,194.5,6.04,7.84,3.79,4.05,197.44
2022,5,21,97.66,2.2,2.77,1.43,1.34,212.62,4.93,6.87,3.74,3.12,214.62
2022,5,22,98.03,2.13,4.28,1.02,3.27,224,4.45,7.38,3.16,4.22,225.19
2022,5,23,98.49,1.45,1.86,1.03,0.83,31.75,3.23,4.69,2.46,2.23,33.56
2022,5,24,98.3,1.53,1.88,1.14,0.73,97.31,3.3,4.53,1.95,2.58,99.94
2022,5,25,98.29,2.51,3.12,1.34,1.79,122.75,5.06,6.61,3.32,3.29,125.38
2022,5,26,97.78,2.46,2.95,1.98,0.97,172,5.05,6.12,4.04,2.08,174.88
2022,5,27,97.03,1.58,2.36,0.74,1.62,212.31,3.45,5.11,1.87,3.24,213.31
2022,5,28,97.28,1.84,2.79,0.9,1.89,257.06,3.55,4.85,1.23,3.62,258.5
2022,5,29,97.79,1.47,2.34,0.94,1.4,188.31,2.66,4.97,1.61,3.36,189.38
2022,5,30,97.93,1.6,1.92,0.86,1.07,206.06,4.12,6.42,1.33,5.1,207.75
2022,5,31,97.83,1.64,2.08,1.31,0.77,237.38,4.19,5.93,2.23,3.71,238.88
2022,6,1,97.39,1.8,2.47,1.24,1.23,240.75,4.23,5.73,2.61,3.12,242.88
2022,6,2,97.07,1.47,2.42,0.79,1.63,301.12,2.93,4.75,1.49,3.26,301.62
2022,6,3,97.35,1.66,2.27,1.07,1.21,276.19,3.23,5.41,1.65,3.75,277.94
2022,6,4,97.58,1.52,1.87,1.05,0.81,234.62,3.46,5.66,2.12,3.53,234.06
2022,6,5,97.59,1.03,2.26,0.13,2.12,84.06,2.35,6.34,0.12,6.21,100.44
2022,6,6,97.41,2.12,3.26,0.95,2.31,168.62,4.81,6.2,2.8,3.4,170.44
2022,6,7,97.18,2.05,2.63,1.27,1.36,218.31,4.41,5.52,3.41,2.1,220.25
2022,6,8,97.22,0.98,2.3,0.19,2.11,128.12,2.19,5.27,0.09,5.19,133.06
2022,6,9,97.13,2.28,3.16,1.17,1.98,288.62,4.73,5.75,3.2,2.55,289.88
2022,6,10,97.43,1.3,1.73,0.75,0.98,267,2.71,5.27,0.99,4.27,267.56
2022,6,11,97.43,1.22,1.83,0.59,1.24,191.25,2.71,5.25,0.88,4.37,191.94
2022,6,12,97.26,1.83,3.23,0.55,2.69,207.69,4.01,6.09,1.2,4.88,209.5
2022,6,13,97.5,1.09,1.77,0.62,1.15,264.81,2.41,5.16,1.08,4.08,263.81
2022,6,14,97.55,1.43,2.79,0.16,2.62,197.19,3.04,5.59,0.12,5.47,199
2022,6,15,97.76,1.39,1.73,0.81,0.91,185.44,3.69,5.9,1.23,4.67,187.56
2022,6,16,97.68,2.16,3.16,1.34,1.83,218.56,4.9,6.32,2.75,3.57,221.56
2022,6,17,97.27,2.78,4.18,1.85,2.33,281.75,6.1,8.18,3.88,4.29,282.88
2022,6,18,97.73,3.03,3.85,1.67,2.18,325,6.16,7.09,4.48,2.61,326.62
2022,6,19,98.25,1.9,2.96,1.02,1.94,327.62,3.89,5.55,1.59,3.95,329.19
2022,6,20,98.38,1.35,2.17,0.12,2.05,239.62,2.71,4.78,0.2,4.58,255.75
2022,6,21,97.98,1.84,2.56,1.17,1.39,232.81,4.46,6.59,2.19,4.4,235.38
2022,6,22,97.45,1.73,2.2,1.31,0.89,280.69,4.2,5.89,2.34,3.55,282.81
2022,6,23,97.47,1.78,2.23,1.14,1.09,206.5,3.59,5.66,2.45,3.21,221.69
2022,6,24,97.83,1.01,2.03,0.12,1.9,159.19,2.14,5.34,0.17,5.17,155.69
2022,6,25,97.93,1.2,2.16,0.3,1.85,143.88,2.68,5.43,0.78,4.64,150.5
2022,6,26,97.72,1.52,1.97,1.1,0.87,211.44,3.59,5.04,2.25,2.79,212.31
2022,6,27,97.93,2.09,2.96,1.29,1.68,300.44,4.3,5.49,2.43,3.05,300.88
2022,6,28,98.34,1.12,2.16,0.3,1.86,239.5,2.15,4.52,0.39,4.13,236.69
2022,6,29,98.37,1.59,2.48,0.77,1.72,233,3.31,5.23,1.53,3.7,234.25
2022,6,30,98.21,1.7,2.49,0.61,1.89,196.81,3.62,6.67,0.81,5.85,198.31
2022,7,1,97.67,2.14,2.98,1.5,1.48,211.5,4.87,5.73,2.89,2.84,213.5
2022,7,2,97.57,1.66,2.09,1.07,1.02,235.25,3.81,5.49,2.24,3.25,235.56
2022,7,3,98.03,1.32,1.75,0.58,1.17,150.5,2.88,5.04,1.1,3.94,163.5
2022,7,4,98.19,1.04,1.73,0.5,1.23,127.88,2.66,5.43,0.72,4.7,131.25
2022,7,5,97.55,2.2,3.33,1.34,2,210.44,4.8,6.2,2.69,3.51,212.88
2022,7,6,97.42,1.39,1.9,0.92,0.98,221.19,3.13,4.34,1.91,2.44,222.12
2022,7,7,97.59,1.3,1.67,0.92,0.75,282.88,2.58,4.17,1.83,2.34,268.25
2022,7,8,97.79,1.02,1.45,0.43,1.02,107.38,2.28,4.03,0.56,3.47,93.19
2022,7,9,97.82,1.54,1.96,1.12,0.84,37.44,3.63,5.52,2.56,2.96,38.62
2022,7,10,97.8,1.3,1.89,0.59,1.3,70.69,2.78,5.62,0.8,4.8,73.44
2022,7,11,97.35,1.99,2.41,1.36,1.05,210.19,4.52,5.88,3.23,2.64,212.12
2022,7,12,96.99,2.38,3.45,1.26,2.2,262.31,5.24,6.72,3.56,3.16,264.31
2022,7,13,97.5,1.62,2.17,0.92,1.25,286.06,3.15,3.92,1.48,2.44,286.75
2022,7,14,97.91,1.34,1.7,0.91,0.79,278.75,2.95,4.92,1.62,3.3,278.5
2022,7,15,98.13,0.87,1.45,0.25,1.2,141.69,1.78,4.27,0.45,3.82,138.56
2022,7,16,97.9,1.18,1.88,0.26,1.62,179.94,2.4,3.98,0.4,3.59,193.94
2022,7,17,97.57,1.35,2.22,0.94,1.28,165.88,3.21,5.37,1.66,3.71,168.88
2022,7,18,97.27,1.93,2.74,1.19,1.55,223.25,4.19,5.07,2.78,2.28,225.31
2022,7,19,97.34,1.5,1.74,1.02,0.73,243.56,3.38,5.34,2.33,3.02,246.06
2022,7,20,96.98,2.2,3.06,1.15,1.91,206.94,4.82,6.35,1.68,4.67,209.25
2022,7,21,96.9,2.16,3.33,1.34,1.98,258.25,4.91,6.23,3.03,3.2,260
2022,7,22,97.48,2.04,3.34,1.29,2.05,250.06,4.63,6.38,2.38,4.01,251.56
2022,7,23,97.83,1.83,2.73,1.23,1.5,212.69,3.62,5.44,2.05,3.39,214.38
2022,7,24,97.61,2.32,3.66,1.23,2.42,206,5.09,7.3,3.43,3.88,208.25
2022,7,25,97.5,1.96,2.52,1.1,1.42,243.06,4.33,5.88,3.12,2.76,244.06
2022,7,26,97.72,1.28,1.69,0.3,1.39,181.75,2.9,5.28,0.62,4.66,182.31
2022,7,27,97.44,1.44,2.18,0.94,1.24,222.75,3.3,4.12,1.73,2.39,224.5
2022,7,28,97.29,2.19,3.52,1.38,2.15,241.94,4.99,6.59,2.54,4.05,243.69
2022,7,29,97.58,1.2,1.59,0.71,0.88,277.94,2.75,4.47,1.84,2.63,279.25
2022,7,30,98.15,1.4,1.87,0.74,1.12,270.81,2.57,4.28,1.12,3.16,256.06
2022,7,31,98.1,1.47,2.09,0.83,1.26,138.19,2.71,3.73,1.3,2.43,137.88
2022,8,1,97.52,1.84,2.72,1.07,1.65,212.19,3.57,5.47,1.64,3.83,213.88
2022,8,2,97.45,1.91,2.9,1.21,1.69,253.44,4.28,5.19,3.04,2.16,254.69
2022,8,3,97.68,1.7,2.29,1.25,1.04,176.62,3.69,5.78,2.17,3.61,178.38
2022,8,4,97.85,1.4,2.21,0.71,1.5,213,3.19,4.34,2.16,2.18,214.69
2022,8,5,98.14,0.98,1.31,0.3,1.01,208.06,2.42,4.03,0.73,3.3,209.19
2022,8,6,98.24,1.48,2.65,0.99,1.66,181.06,3.38,4.95,1.77,3.18,182.62
2022,8,7,98.11,1.57,1.98,1.09,0.88,217,3.57,5.32,2.36,2.96,219.5
2022,8,8,97.73,1.86,2.69,1.27,1.41,213.19,4.2,5.52,2.93,2.58,214.94
2022,8,9,97.71,1.63,2.14,0.91,1.23,262.19,3.38,4.36,2.21,2.15,260.81
2022,8,10,97.94,1.05,1.47,0.77,0.7,199.62,2.45,3.91,1.39,2.52,199
2022,8,11,97.8,1.64,2.5,0.72,1.78,321.94,3.69,5.55,1.08,4.48,323.88
2022,8,12,98.07,1.62,1.91,1.29,0.62,115.19,3.85,5.83,2.84,2.98,101.81
2022,8,13,98.12,0.8,1.32,0.22,1.11,166.25,1.73,4.22,0.34,3.88,167.88
2022,8,14,97.74,1.41,2.03,0.79,1.25,184.56,2.49,3.22,1.23,1.98,184.19
2022,8,15,97.56,1.64,2.35,1.23,1.12,74.31,3.09,4.16,1.98,2.17,75.88
2022,8,16,97.75,1.67,1.95,1.09,0.87,71,3.55,5.09,2.54,2.55,72.81
2022,8,17,97.82,1.19,1.82,0.88,0.95,87.69,2.38,3.37,1.16,2.2,88.75
2022,8,18,97.67,0.9,1.8,0.2,1.6,200.12,1.44,3.45,0.34,3.1,214.56
2022,8,19,97.86,1.23,1.88,0.55,1.33,180.5,2.8,4.76,0.81,3.95,182.06
2022,8,20,97.97,1.34,1.72,0.84,0.89,180.5,3.33,5.16,1.34,3.83,182.12
2022,8,21,97.68,1.31,1.77,1,0.77,150.44,2.98,4.26,1.88,2.38,152.44
2022,8,22,97.34,1.51,2.41,0.67,1.75,238.62,3.41,4.69,1.43,3.26,239.62
2022,8,23,97.49,1.66,2.15,1.29,0.86,265.88,3.45,3.88,2.66,1.22,267.81
2022,8,24,97.84,0.81,1.57,0.3,1.27,185.56,1.34,3.24,0.42,2.82,184.44
2022,8,25,97.83,1.38,2.09,0.83,1.26,196.94,2.73,4.47,1.37,3.1,197.88
2022,8,26,97.63,1.66,2.29,1.12,1.17,268.06,3.62,4.43,1.95,2.48,268.56
2022,8,27,97.87,1.09,2.1,0.38,1.72,119.25,2.33,4.32,0.53,3.79,119.12
2022,8,28,97.87,1.47,2.27,0.94,1.34,161,3.27,5.66,1.51,4.16,162
2022,8,29,97.73,2.14,3.07,1.29,1.78,193.25,4.7,5.84,3.59,2.25,195.5
2022,8,30,97.3,1.72,2.2,1.37,0.84,227.19,4.05,5.59,3.31,2.27,228.75
2022,8,31,97.51,1.95,2.54,1.36,1.18,270.44,4.61,6.22,2.85,3.37,272.94
2022,9,1,97.81,1.58,1.95,0.88,1.06,235,3.57,4.93,1.4,3.53,237.25
2022,9,2,98.15,1.41,1.85,0.98,0.86,132.44,3.34,5.08,1.52,3.55,134.44
2022,9,3,98.22,1.44,2.12,0.27,1.84,193.06,3.11,4.66,0.37,4.29,195.06
2022,9,4,97.97,0.85,1.3,0.43,0.88,143.06,1.96,3.03,0.74,2.29,142.81
2022,9,5,97.74,0.88,1.31,0.15,1.16,180.06,1.98,3,0.31,2.69,181.06
2022,9,6,97.7,1.22,1.66,0.81,0.84,145.75,2.71,4.46,1.16,3.3,146
2022,9,7,97.7,1.49,1.91,1.08,0.84,311.88,3.26,4.95,2.19,2.76,298.62
2022,9,8,97.54,1.4,1.77,0.95,0.83,88.06,2.62,3.62,1.93,1.7,74.06
2022,9,9,97.78,1.62,1.98,0.86,1.12,132.62,3.38,5.95,1.33,4.62,133.62
2022,9,10,98.21,1.48,1.83,1.14,0.68,135.69,3.5,4.72,1.82,2.9,137.31
2022,9,11,97.69,1.41,1.95,0.78,1.16,158.94,3.18,4.67,2.16,2.52,160.56
2022,9,12,97.14,1.45,2.11,0.94,1.16,224.31,3.47,5.05,1.99,3.06,223.69
2022,9,13,97.25,1.91,3.09,1.22,1.86,237.5,4.14,5.64,1.79,3.85,238.12
2022,9,14,97.93,1.54,2.08,1.1,0.98,281.75,3.23,4.18,1.62,2.55,283.94
2022,9,15,98.37,1.45,1.92,0.91,1.01,205.56,2.56,4.15,1.57,2.58,204.62
2022,9,16,98.33,1.22,2.06,0.27,1.79,232,2.44,4.52,0.5,4.02,235.06
2022,9,17,98.23,1.5,2.08,0.73,1.35,180.75,3.27,5.26,1.14,4.12,182.12
2022,9,18,97.91,1.73,2.48,1.3,1.19,226.38,4.33,5.59,2.38,3.21,228.31
2022,9,19,97.54,1.86,2.76,1.25,1.51,232.19,4.23,5.12,2.78,2.34,234.25
2022,9,20,97.73,1.43,2.12,0.73,1.39,271.12,2.62,3.9,0.94,2.96,271.94
2022,9,21,97.37,1.61,2.55,0.23,2.32,180.44,3.56,6.16,0.47,5.7,183.38
2022,9,22,97.27,2.95,4.75,1.41,3.34,301.88,5.8,8.66,2.98,5.68,303.88
2022,9,23,98.11,1.91,2.53,1.06,1.47,283.25,4.31,5.42,3.19,2.23,284.06
2022,9,24,97.72,1.38,1.83,0.88,0.94,179.25,3.18,5.74,1.6,4.14,180.62
2022,9,25,96.71,2.42,4.05,1.6,2.45,229.69,5.13,8.03,3.48,4.55,231.56
2022,9,26,96.84,2.77,4.23,1.66,2.58,244.88,5.68,8.04,3.73,4.31,246.69
2022,9,27,97.49,2.19,3.27,1.47,1.8,247.5,4.37,6.05,3.17,2.88,249.56
2022,9,28,98.48,1.54,2.21,1.26,0.95,287.75,3.2,5.16,2.15,3.02,291.31
2022,9,29,98.95,1.57,2.19,1.05,1.14,23.5,3.39,5.02,1.7,3.31,24.31
2022,9,30,98.43,1.57,1.9,1.12,0.77,57.06,3.45,5.25,1.84,3.41,59.38
2022,10,1,97.66,2.68,3.45,1.48,1.96,27.56,5.27,6.51,3.31,3.2,31.25
2022,10,2,98.07,2.47,3.05,1.51,1.54,29.56,5.31,5.88,4.38,1.51,31.62
2022,10,3,98.52,1.52,2.04,1.05,0.98,31.19,3.7,4.54,2.26,2.28,32.75
2022,10,4,98.11,1.28,2.11,0.76,1.35,153.12,2.98,5.99,1.63,4.36,139.56
2022,10,5,97.85,1.42,1.83,0.18,1.65,311.62,2.91,4.6,0.23,4.37,298.75
2022,10,6,97.78,1.51,2.3,0.77,1.52,214.88,3.65,6.01,1,5.01,215.94
2022,10,7,98.03,1.82,2.39,1.23,1.16,291.81,4.09,5.24,2.34,2.9,292.69
2022,10,8,98.47,1.7,2.45,0.95,1.51,288.12,3.8,5.67,1.72,3.95,289.31
2022,10,9,98.29,2.05,3.05,1.55,1.49,234.12,4.7,5.87,3,2.87,236.19
2022,10,10,98.4,1.9,2.56,1.19,1.38,227.06,4.23,5.95,1.7,4.26,228.94
2022,10,11,98.52,1.91,2.59,1.35,1.23,195.94,4.27,6.01,2.2,3.8,196.88
2022,10,12,97.67,2.48,3.09,1.67,1.42,172.56,5.32,6.7,2.59,4.11,176.12
2022,10,13,96.84,2.59,3.48,1.59,1.89,229.81,5.49,6.89,3.84,3.05,230.81
2022,10,14,97.28,2.05,3.16,1.23,1.92,203.62,5.12,6.64,2,4.64,204.88
2022,10,15,97.39,2.98,3.95,1.42,2.53,229.06,5.95,8.5,1.95,6.55,230.31
2022,10,16,97.4,1.91,2.62,1.27,1.35,207.75,4.35,6.72,1.84,4.88,208.94
2022,10,17,96.65,3.02,4.59,1.58,3.01,240.88,6.12,8.31,3.66,4.65,242.25
2022,10,18,96.78,3.05,3.69,2.51,1.17,242.69,5.71,6.65,4.74,1.91,245.25
2022,10,19,97.12,3.05,3.95,2.21,1.73,235.38,5.77,7.16,4.61,2.54,238.31
2022,10,20,97.43,2.54,3.73,1.66,2.07,223.25,5.2,6.86,3.57,3.29,224.88
2022,10,21,97.79,2.2,3.06,1.61,1.45,187.06,5.27,6.52,2.33,4.19,189
2022,10,22,98.11,1.96,2.74,1.31,1.42,165.44,4.62,6.3,2.25,4.04,167.31
2022,10,23,98.32,1.59,2.21,0.92,1.29,123.81,4.22,7.25,1.39,5.87,125.06
2022,10,24,98.09,1.21,2.31,0.3,2.02,134.44,2.79,5.38,0.53,4.84,132.06
2022,10,25,97.48,1.74,2.46,1.2,1.27,142.31,4.17,6.34,2.2,4.13,144.19
2022,10,26,97.08,2.64,4.03,1.77,2.27,211.62,5.27,7.34,4.07,3.27,213.94
2022,10,27,98.53,1.85,2.23,1.49,0.74,136,4.26,6.38,3.27,3.11,122.62
2022,10,28,99.06,1.6,2.03,1.3,0.73,86.81,4,6.09,2.17,3.92,88.94
2022,10,29,98.86,1.62,2.45,0.92,1.52,114.56,4.09,6.72,1.52,5.2,116.62
2022,10,30,98.09,1.5,1.98,0.83,1.15,135,3.78,5.71,1.23,4.48,136.44
2022,10,31,97.49,1.64,2.16,1.27,0.89,172.56,4.08,4.98,2.59,2.4,174.88
2022,11,1,98.02,1.83,2.64,1.32,1.31,262.56,4.16,4.75,2.59,2.16,263.75
2022,11,2,98.7,1.17,1.85,0.41,1.44,127.56,1.96,4.21,0.73,3.48,129.12
2022,11,3,98.58,1.61,2.19,1.01,1.18,152.94,3.56,5.57,1.69,3.88,154.31
2022,11,4,98.27,2.21,2.8,1.79,1.02,172.75,5.24,6.91,3.02,3.89,174.62
2022,11,5,97.59,3.42,4.7,1.8,2.9,170.44,7.18,9.36,5.08,4.28,173.38
2022,11,6,97.77,2.47,3.69,1.6,2.09,213,5.61,6.97,3.12,3.84,214.62
2022,11,7,98.79,1.98,2.7,1.53,1.16,279.44,4.85,6.27,2.52,3.73,280.19
2022,11,8,99.53,1.77,2.22,1.27,0.95,37.62,4.28,6.32,2.56,3.76,38.88
2022,11,9,99.13,2.05,2.52,1.48,1.03,126,4.88,7.01,3.22,3.79,127.88
2022,11,10,98.37,1.88,2.45,1.17,1.27,157.94,4.41,6.34,1.73,4.61,159.56
2022,11,11,96.84,2.09,4.22,1.31,2.91,157.19,4.66,7.77,3.45,4.34,159.44
2022,11,12,97.07,2.28,3.83,1.45,2.38,276.81,4.22,7.24,2.39,4.85,278
2022,11,13,98.02,2.53,3.83,1.52,2.3,278,4.93,6.76,3.55,3.22,279.69
2022,11,14,98.71,1.2,2.38,0.23,2.16,220.19,2.84,5.9,0.24,5.66,219.25
2022,11,15,98.32,1.94,2.7,1.25,1.45,106.44,3.45,4.55,2.27,2.29,109.12
2022,11,16,97.72,2.52,3.41,1.02,2.39,250.31,4.98,6.08,2.6,3.47,251.94
2022,11,17,97.86,3.15,3.95,2.21,1.74,251.88,5.95,6.97,4.52,2.45,253.81
2022,11,18,98.05,2.91,4.23,2.02,2.21,235.94,5.64,7.68,4.39,3.29,237.94
2022,11,19,98.04,2.82,4.1,1.91,2.19,233.06,5.49,7.93,3.75,4.18,234.94
2022,11,20,98.53,3.3,4.59,1.55,3.05,261.38,6.05,8.52,3.2,5.32,262.56
2022,11,21,98.63,2.55,3.72,1.58,2.14,210.19,5.38,7.29,3.21,4.08,212.38
2022,11,22,98.53,2,2.92,1.41,1.52,215.62,5.02,7.49,2.28,5.21,217.25
2022,11,23,98.45,1.75,2.73,0.8,1.92,222.75,3.38,5.34,1.09,4.26,224.25
2022,11,24,98.31,1.96,2.9,0.72,2.18,163,4.23,6.55,0.89,5.66,164.25
2022,11,25,97.77,2.64,3.97,1.68,2.29,274.06,5.93,7.19,5.04,2.15,275.88
2022,11,26,97.91,1.86,2.59,1.3,1.3,223.62,4.2,6.16,2.02,4.13,225.06
2022,11,27,96.26,3.11,4.6,1.53,3.07,194.38,6.52,9.22,4.52,4.7,196.56
2022,11,28,97.26,2.08,3.55,0.87,2.7,284.62,3.84,6.7,1.18,5.52,285.69
2022,11,29,97.83,2.31,3.26,1.44,1.83,157.19,4.59,6.66,2.53,4.13,159.75
2022,11,30,97.2,4.07,6.36,2.88,3.48,225.12,7.71,10.7,5.74,4.96,227.12
2022,12,1,98.92,2.7,4.34,1.38,2.96,251.44,4.73,8.09,2.36,5.73,252.69
2022,12,2,98.54,2.27,2.98,1.34,1.64,157.81,4.95,7.01,2.6,4.41,159.88
2022,12,3,98,3.63,5.47,1.65,3.82,247.56,7.37,9.8,4.63,5.16,249
2022,12,4,98.39,1.7,2.2,1.13,1.07,241.69,3.85,5.72,1.91,3.8,243.06
2022,12,5,97.9,1.92,2.67,1.35,1.32,163.62,4.52,7.5,1.77,5.73,165.75
2022,12,6,97.83,1.62,2,0.93,1.06,157.88,4.02,5.29,1.92,3.37,160.81
2022,12,7,98.08,1.66,1.98,1.32,0.67,274.12,3.66,5.3,2.32,2.98,274.44
2022,12,8,98.59,1.25,1.73,0.78,0.95,145.31,2.81,5.18,1.3,3.88,146.19
2022,12,9,98.42,2.1,2.56,1.53,1.02,71.69,4.18,6.48,3.45,3.03,73.88
2022,12,10,98.26,2.29,2.89,1.77,1.12,111.38,4.24,5.28,3.73,1.55,114.94
2022,12,11,98.04,1.73,2.69,1.13,1.55,261.56,3.91,5.28,2.57,2.71,263.19
2022,12,12,98.43,1.66,2.16,1.07,1.09,202.69,3.58,4.48,2.66,1.82,188.38
2022,12,13,98.53,1.54,2.27,0.93,1.34,58.25,3.31,5.99,1.43,4.55,59.75
2022,12,14,97.97,2.22,3.66,1.2,2.47,80.19,4.23,6.44,2.62,3.82,82.69
2022,12,15,97.06,3.34,4.72,1.42,3.3,133.69,6.38,8.01,4.05,3.95,136.5
2022,12,16,96.84,1.7,2.48,1.04,1.44,249.06,3.93,5.75,1.77,3.97,250.19
2022,12,17,97.01,2.23,3.6,1.49,2.1,241.75,4.66,6.43,3.3,3.12,242.44
2022,12,18,97.76,2.69,3.75,1.98,1.77,251.88,4.87,6.38,3.53,2.84,253.31
2022,12,19,98.77,2.21,2.84,0.93,1.91,281.38,3.8,4.79,1.67,3.12,282.06
2022,12,20,99.06,0.88,1.48,0.33,1.14,126.81,1.3,2.07,0.43,1.64,127.56
2022,12,21,98.84,1.45,2.58,0.62,1.96,109.31,2.9,6.11,0.81,5.3,111.06
2022,12,22,97.47,2.57,3.24,1.72,1.53,130.75,5.41,5.88,4.71,1.17,133.25
2022,12,23,96.09,6.15,7.77,1.87,5.9,240.69,10.28,12.38,4.31,8.05,242.44
2022,12,24,97.07,5.38,6.13,4.73,1.41,240.88,9.12,10.4,8.16,2.23,243.38
2022,12,25,97.55,3.97,4.88,2.66,2.21,250.12,6.84,8.38,4.59,3.79,251.31
2022,12,26,98.26,2.08,2.56,1.43,1.13,224.94,3.73,4.41,3.02,1.38,226.44
2022,12,27,98.4,1.96,2.75,1.22,1.53,219.44,4.08,5.66,2.73,2.92,220.5
2022,12,28,98.24,2.41,3.16,1.77,1.38,182.69,5.23,7.4,3.23,4.16,185.06
2022,12,29,98.27,2.63,2.92,2.28,0.64,193.38,6.4,8.52,3.94,4.57,195.44
2022,12,30,98.09,2.62,2.91,1.81,1.1,195.94,6.11,7.47,4.45,3.02,197.5
2022,12,31,97.31,2.41,3.38,1.74,1.64,216.81,5.67,6.91,3.98,2.93,218.31
2023,1,1,97.62,1.98,2.87,1.01,1.86,238.06,4.2,6.27,2.58,3.68,239.44
